category,id,text,reference,virtue,repetition
"أذكار الصباح","1","أَعُوذُ بِاللهِ مِنْ الشَّيْطَانِ الرَّجِيمِ اللّهُ لاَ إِلَـهَ إِلاَّ هُوَ الْحَيُّ الْقَيُّومُ لاَ تَأْخُذُهُ سِنَةٌ وَلاَ نَوْمٌ لَّهُ مَا فِي السَّمَاوَاتِ وَمَا فِي الأَرْضِ مَن ذَا الَّذِي يَشْفَعُ عِنْدَهُ إِلاَّ بِإِذْنِهِ يَعْلَمُ مَا بَيْنَ أَيْدِيهِمْ وَمَا خَلْفَهُمْ وَلاَ يُحِيطُونَ بِشَيْءٍ مِّنْ عِلْمِهِ إِلاَّ بِمَا شَاء وَسِعَ كُرْسِيُّهُ السَّمَاوَاتِ وَالأَرْضَ وَلاَ يَؤُودُهُ حِفْظُهُمَا وَهُوَ الْعَلِيُّ الْعَظِيمُ.","[آية الكرسى - البقرة 255]","من قالها حين يصبح أجير من الجن حتى يمسى ومن قالها حين يمسى أجير من الجن حتى يصبح.","1"
"أذكار الصباح","2","بِسْمِ اللهِ الرَّحْمنِ الرَّحِيم قُلْ هُوَ ٱللَّهُ أَحَدٌ، ٱللَّهُ ٱلصَّمَدُ، لَمْ يَلِدْ وَلَمْ يُولَدْ، وَلَمْ يَكُن لَّهُۥ كُفُوًا أَحَدٌۢ.","","من قالها حين يصبح وحين يمسى كفته من كل شىء (الإخلاص والمعوذتين).","3"
"أذكار الصباح","3","بِسْمِ اللهِ الرَّحْمنِ الرَّحِيم قُلْ أَعُوذُ بِرَبِّ ٱلْفَلَقِ، مِن شَرِّ مَا خَلَقَ، وَمِن شَرِّ غَاسِقٍ إِذَا وَقَبَ، وَمِن شَرِّ ٱلنَّفَّٰثَٰتِ فِى ٱلْعُقَدِ، وَمِن شَرِّ حَاسِدٍ إِذَا حَسَدَ.","","","3"
"أذكار الصباح","4","بِسْمِ اللهِ الرَّحْمنِ الرَّحِيم قُلْ أَعُوذُ بِرَبِّ ٱلنَّاسِ، مَلِكِ ٱلنَّاسِ، إِلَٰهِ ٱلنَّاسِ، مِن شَرِّ ٱلْوَسْوَاسِ ٱلْخَنَّاسِ، ٱلَّذِى يُوَسْوِسُ فِى صُدُورِ ٱلنَّاسِ، مِنَ ٱلْجِنَّةِ وَٱلنَّاسِ.","","","3"
"أذكار الصباح","5","أَصْـبَحْنا وَأَصْـبَحَ المُـلْكُ لله وَالحَمدُ لله ، لا إلهَ إلاّ اللّهُ وَحدَهُ لا شَريكَ لهُ، لهُ المُـلكُ ولهُ الحَمْـد، وهُوَ على كلّ شَيءٍ قدير ، رَبِّ أسْـأَلُـكَ خَـيرَ ما في هـذا اليوم وَخَـيرَ ما بَعْـدَه ، وَأَعـوذُ بِكَ مِنْ شَـرِّ ما في هـذا اليوم وَشَرِّ ما بَعْـدَه، رَبِّ أَعـوذُبِكَ مِنَ الْكَسَـلِ وَسـوءِ الْكِـبَر ، رَبِّ أَعـوذُ بِكَ مِنْ عَـذابٍ في النّـارِ وَعَـذابٍ في القَـبْر.","","","1"
"أذكار الصباح","6","اللّهـمَّ أَنْتَ رَبِّـي لا إلهَ إلاّ أَنْتَ ، خَلَقْتَنـي وَأَنا عَبْـدُك ، وَأَنا عَلـى عَهْـدِكَ وَوَعْـدِكَ ما اسْتَـطَعْـت ، أَعـوذُبِكَ مِنْ شَـرِّ ما صَنَـعْت ، أَبـوءُ لَـكَ بِنِعْـمَتِـكَ عَلَـيَّ وَأَبـوءُ بِذَنْـبي فَاغْفـِرْ لي فَإِنَّـهُ لا يَغْـفِرُ الذُّنـوبَ إِلاّ أَنْتَ .","","من قالها موقنا بها حين يمسى ومات من ليلته دخل الجنة وكذلك حين يصبح.","1"
"أذكار الصباح","7","رَضيـتُ بِاللهِ رَبَّـاً وَبِالإسْلامِ ديـناً وَبِمُحَـمَّدٍ صلى الله عليه وسلم نَبِيّـاً.","","من قالها حين يصبح وحين يمسى كان حقا على الله أن يرضيه يوم القيامة.","3"
"أذكار الصباح","8","اللّهُـمَّ إِنِّـي أَصْبَـحْتُ أُشْـهِدُك ، وَأُشْـهِدُ حَمَلَـةَ عَـرْشِـك ، وَمَلَائِكَتَكَ ، وَجَمـيعَ خَلْـقِك ، أَنَّـكَ أَنْـتَ اللهُ لا إلهَ إلاّ أَنْـتَ وَحْـدَكَ لا شَريكَ لَـك ، وَأَنَّ ُ مُحَمّـداً عَبْـدُكَ وَرَسـولُـك.","","من قالها أعتقه الله من النار.","4"
"أذكار الصباح","9","اللّهُـمَّ ما أَصْبَـَحَ بي مِـنْ نِعْـمَةٍ أَو بِأَحَـدٍ مِـنْ خَلْـقِك ، فَمِـنْكَ وَحْـدَكَ لا شريكَ لَـك ، فَلَـكَ الْحَمْـدُ وَلَـكَ الشُّكْـر.","","من قالها حين يصبح أدى شكر يومه.","1"
"أذكار الصباح","10","حَسْبِـيَ اللّهُ لا إلهَ إلاّ هُوَ عَلَـيهِ تَوَكَّـلتُ وَهُوَ رَبُّ العَرْشِ العَظـيم.","","من قالها كفاه الله ما أهمه من أمر الدنيا والأخرة.","7"
"أذكار الصباح","11","بِسـمِ اللهِ الذي لا يَضُـرُّ مَعَ اسمِـهِ شَيءٌ في الأرْضِ وَلا في السّمـاءِ وَهـوَ السّمـيعُ العَلـيم.","","لم يضره من الله شيء.","3"
"أذكار الصباح","12","اللّهُـمَّ بِكَ أَصْـبَحْنا وَبِكَ أَمْسَـينا ، وَبِكَ نَحْـيا وَبِكَ نَمُـوتُ وَإِلَـيْكَ النُّـشُور.","","","1"
"أذكار الصباح","13","أَصْبَـحْـنا عَلَى فِطْرَةِ الإسْلاَمِ، وَعَلَى كَلِمَةِ الإِخْلاَصِ، وَعَلَى دِينِ نَبِيِّنَا مُحَمَّدٍ صَلَّى اللهُ عَلَيْهِ وَسَلَّمَ، وَعَلَى مِلَّةِ أَبِينَا إبْرَاهِيمَ حَنِيفاً مُسْلِماً وَمَا كَانَ مِنَ المُشْرِكِينَ.","","","1"
"أذكار الصباح","14","سُبْحـانَ اللهِ وَبِحَمْـدِهِ عَدَدَ خَلْـقِه ، وَرِضـا نَفْسِـه ، وَزِنَـةَ عَـرْشِـه ، وَمِـدادَ كَلِمـاتِـه.","","","3"
"أذكار الصباح","15","اللّهُـمَّ عافِـني في بَدَنـي ، اللّهُـمَّ عافِـني في سَمْـعي ، اللّهُـمَّ عافِـني في بَصَـري ، لا إلهَ إلاّ أَنْـتَ.","","","3"
"أذكار الصباح","16","اللّهُـمَّ إِنّـي أَعـوذُ بِكَ مِنَ الْكُـفر ، وَالفَـقْر ، وَأَعـوذُ بِكَ مِنْ عَذابِ القَـبْر ، لا إلهَ إلاّ أَنْـتَ.","","","3"
"أذكار الصباح","17","اللّهُـمَّ إِنِّـي أسْـأَلُـكَ العَـفْوَ وَالعـافِـيةَ في الدُّنْـيا وَالآخِـرَة ، اللّهُـمَّ إِنِّـي أسْـأَلُـكَ العَـفْوَ وَالعـافِـيةَ في ديني وَدُنْـيايَ وَأهْـلي وَمالـي ، اللّهُـمَّ اسْتُـرْ عـوْراتي وَآمِـنْ رَوْعاتـي ، اللّهُـمَّ احْفَظْـني مِن بَـينِ يَدَيَّ وَمِن خَلْفـي وَعَن يَمـيني وَعَن شِمـالي ، وَمِن فَوْقـي ، وَأَعـوذُ بِعَظَمَـتِكَ أَن أُغْـتالَ مِن تَحْتـي.","","","1"
"أذكار الصباح","18","يَا حَيُّ يَا قيُّومُ بِرَحْمَتِكَ أسْتَغِيثُ أصْلِحْ لِي شَأنِي كُلَّهُ وَلاَ تَكِلْنِي إلَى نَفْسِي طَـرْفَةَ عَيْنٍ.","","","3"
"أذكار الصباح","19","أَصْبَـحْـنا وَأَصْبَـحْ المُـلكُ للهِ رَبِّ العـالَمـين ، اللّهُـمَّ إِنِّـي أسْـأَلُـكَ خَـيْرَ هـذا الـيَوْم ، فَـتْحَهُ ، وَنَصْـرَهُ ، وَنـورَهُ وَبَـرَكَتَـهُ ، وَهُـداهُ ، وَأَعـوذُ بِـكَ مِـنْ شَـرِّ ما فـيهِ وَشَـرِّ ما بَعْـدَه.","","","1"
"أذكار الصباح","20","اللّهُـمَّ عالِـمَ الغَـيْبِ وَالشّـهادَةِ فاطِـرَ السّماواتِ وَالأرْضِ رَبَّ كـلِّ شَـيءٍ وَمَليـكَه ، أَشْهَـدُ أَنْ لا إِلـهَ إِلاّ أَنْت ، أَعـوذُ بِكَ مِن شَـرِّ نَفْسـي وَمِن شَـرِّ الشَّيْـطانِ وَشِرْكِهِ ، وَأَنْ أَقْتَـرِفَ عَلـى نَفْسـي سوءاً أَوْ أَجُـرَّهُ إِلـى مُسْـلِم.","","","1"
"أذكار الصباح","21","أَعـوذُ بِكَلِمـاتِ اللّهِ التّـامّـاتِ مِنْ شَـرِّ ما خَلَـق.","","","3"
"أذكار الصباح","22","اللَّهُمَّ صَلِّ وَسَلِّمْ وَبَارِكْ على نَبِيِّنَا مُحمَّد.","","من صلى على حين يصبح وحين يمسى ادركته شفاعتى يوم القيامة.","10"
"أذكار الصباح","23","اللَّهُمَّ إِنَّا نَعُوذُ بِكَ مِنْ أَنْ نُشْرِكَ بِكَ شَيْئًا نَعْلَمُهُ ، وَنَسْتَغْفِرُكَ لِمَا لَا نَعْلَمُهُ.","","","3"
"أذكار الصباح","24","اللَّهُمَّ إِنِّي أَعُوذُ بِكَ مِنْ الْهَمِّ وَالْحَزَنِ، وَأَعُوذُ بِكَ مِنْ الْعَجْزِ وَالْكَسَلِ، وَأَعُوذُ بِكَ مِنْ الْجُبْنِ وَالْبُخْلِ، وَأَعُوذُ بِكَ مِنْ غَلَبَةِ الدَّيْنِ، وَقَهْرِ الرِّجَالِ.","","","3"
"أذكار الصباح","25","أسْتَغْفِرُ اللهَ العَظِيمَ الَّذِي لاَ إلَهَ إلاَّ هُوَ، الحَيُّ القَيُّومُ، وَأتُوبُ إلَيهِ.","","","3"
"أذكار الصباح","26","يَا رَبِّ , لَكَ الْحَمْدُ كَمَا يَنْبَغِي لِجَلَالِ وَجْهِكَ , وَلِعَظِيمِ سُلْطَانِكَ.","","","3"
"أذكار الصباح","27","اللَّهُمَّ إِنِّي أَسْأَلُكَ عِلْمًا نَافِعًا، وَرِزْقًا طَيِّبًا، وَعَمَلًا مُتَقَبَّلًا.","","","1"
"أذكار الصباح","28","اللَّهُمَّ أَنْتَ رَبِّي لا إِلَهَ إِلا أَنْتَ ، عَلَيْكَ تَوَكَّلْتُ ، وَأَنْتَ رَبُّ الْعَرْشِ الْعَظِيمِ , مَا شَاءَ اللَّهُ كَانَ ، وَمَا لَمْ يَشَأْ لَمْ يَكُنْ ، وَلا حَوْلَ وَلا قُوَّةَ إِلا بِاللَّهِ الْعَلِيِّ الْعَظِيمِ , أَعْلَمُ أَنَّ اللَّهَ عَلَى كُلِّ شَيْءٍ قَدِيرٌ ، وَأَنَّ اللَّهَ قَدْ أَحَاطَ بِكُلِّ شَيْءٍ عِلْمًا , اللَّهُمَّ إِنِّي أَعُوذُ بِكَ مِنْ شَرِّ نَفْسِي ، وَمِنْ شَرِّ كُلِّ دَابَّةٍ أَنْتَ آخِذٌ بِنَاصِيَتِهَا ، إِنَّ رَبِّي عَلَى صِرَاطٍ مُسْتَقِيمٍ.","","ذكر طيب.","1"
"أذكار الصباح","29","لَا إلَه إلّا اللهُ وَحْدَهُ لَا شَرِيكَ لَهُ، لَهُ الْمُلْكُ وَلَهُ الْحَمْدُ وَهُوَ عَلَى كُلِّ شَيْءِ قَدِيرِ.","","كانت له عدل عشر رقاب، وكتبت له مئة حسنة، ومحيت عنه مئة سيئة، وكانت له حرزا من الشيطان.","100"
"أذكار الصباح","30","سُبْحـانَ اللهِ وَبِحَمْـدِهِ.","","حُطَّتْ خَطَايَاهُ وَإِنْ كَانَتْ مِثْلَ زَبَدِ الْبَحْرِ. لَمْ يَأْتِ أَحَدٌ يَوْمَ الْقِيَامَةِ بِأَفْضَلَ مِمَّا جَاءَ بِهِ إِلَّا أَحَدٌ قَالَ مِثْلَ مَا قَالَ أَوْ زَادَ عَلَيْهِ.","100"
"أذكار الصباح","31","أسْتَغْفِرُ اللهَ وَأتُوبُ إلَيْهِ","","مائة حسنة، ومُحيت عنه مائة سيئة، وكانت له حرزاً من الشيطان حتى يمسى.","100"
"أذكار المساء","1","أَعُوذُ بِاللهِ مِنْ الشَّيْطَانِ الرَّجِيمِ اللّهُ لاَ إِلَـهَ إِلاَّ هُوَ الْحَيُّ الْقَيُّومُ لاَ تَأْخُذُهُ سِنَةٌ وَلاَ نَوْمٌ لَّهُ مَا فِي السَّمَاوَاتِ وَمَا فِي الأَرْضِ مَن ذَا الَّذِي يَشْفَعُ عِنْدَهُ إِلاَّ بِإِذْنِهِ يَعْلَمُ مَا بَيْنَ أَيْدِيهِمْ وَمَا خَلْفَهُمْ وَلاَ يُحِيطُونَ بِشَيْءٍ مِّنْ عِلْمِهِ إِلاَّ بِمَا شَاء وَسِعَ كُرْسِيُّهُ السَّمَاوَاتِ وَالأَرْضَ وَلاَ يَؤُودُهُ حِفْظُهُمَا وَهُوَ الْعَلِيُّ الْعَظِيمُ.","[آية الكرسى - البقرة 255]","من قالها حين يصبح أجير من الجن حتى يمسى ومن قالها حين يمسى أجير من الجن حتى يصبح.","1"
"أذكار المساء","2","أَعُوذُ بِاللهِ مِنْ الشَّيْطَانِ الرَّجِيمِ آمَنَ الرَّسُولُ بِمَا أُنْزِلَ إِلَيْهِ مِنْ رَبِّهِ وَالْمُؤْمِنُونَ ۚ كُلٌّ آمَنَ بِاللَّهِ وَمَلَائِكَتِهِ وَكُتُبِهِ وَرُسُلِهِ لَا نُفَرِّقُ بَيْنَ أَحَدٍ مِنْ رُسُلِهِ ۚ وَقَالُوا سَمِعْنَا وَأَطَعْنَا ۖ غُفْرَانَكَ رَبَّنَا وَإِلَيْكَ الْمَصِيرُ. لَا يُكَلِّفُ اللَّهُ نَفْسًا إِلَّا وُسْعَهَا لَهَا مَا كَسَبَتْ وَعَلَيْهَا مَا اكْتَسَبَتْ رَبَّنَا لَا تُؤَاخِذْنَا إِنْ نَّسِينَآ أَوْ أَخْطَأْنَا رَبَّنَا وَلَا تَحْمِلْ عَلَيْنَا إِصْرًا كَمَا حَمَلْتَهُ عَلَى الَّذِينَ مِنْ قَبْلِنَا رَبَّنَا وَلَا تُحَمِّلْنَا مَا لَا طَاقَةَ لَنَا بِهِ وَاعْفُ عَنَّا وَاغْفِرْ لَنَا وَارْحَمْنَا أَنْتَ مَوْلَانَا فَانْصُرْنَا عَلَى الْقَوْمِ الْكَافِرِينَ.","[البقرة 285 - 286]","من قرأ آيتين من آخر سورة البقرة في ليلة كفتاه.","1"
"أذكار المساء","3","بِسْمِ اللهِ الرَّحْمنِ الرَّحِيم قُلْ هُوَ ٱللَّهُ أَحَدٌ، ٱللَّهُ ٱلصَّمَدُ، لَمْ يَلِدْ وَلَمْ يُولَدْ، وَلَمْ يَكُن لَّهُۥ كُفُوًا أَحَدٌۢ.","","من قالها حين يصبح وحين يمسى كفته من كل شىء (الإخلاص والمعوذتين).","3"
"أذكار المساء","4","بِسْمِ اللهِ الرَّحْمنِ الرَّحِيم قُلْ أَعُوذُ بِرَبِّ ٱلْفَلَقِ، مِن شَرِّ مَا خَلَقَ، وَمِن شَرِّ غَاسِقٍ إِذَا وَقَبَ، وَمِن شَرِّ ٱلنَّفَّٰثَٰتِ فِى ٱلْعُقَدِ، وَمِن شَرِّ حَاسِدٍ إِذَا حَسَدَ.","","","3"
"أذكار المساء","5","بِسْمِ اللهِ الرَّحْمنِ الرَّحِيم قُلْ أَعُوذُ بِرَبِّ ٱلنَّاسِ، مَلِكِ ٱلنَّاسِ، إِلَٰهِ ٱلنَّاسِ، مِن شَرِّ ٱلْوَسْوَاسِ ٱلْخَنَّاسِ، ٱلَّذِى يُوَسْوِسُ فِى صُدُورِ ٱلنَّاسِ، مِنَ ٱلْجِنَّةِ وَٱلنَّاسِ.","","","3"
"أذكار المساء","6","أَمْسَيْـنا وَأَمْسـى المـلكُ لله وَالحَمدُ لله ، لا إلهَ إلاّ اللّهُ وَحدَهُ لا شَريكَ لهُ، لهُ المُـلكُ ولهُ الحَمْـد، وهُوَ على كلّ شَيءٍ قدير ، رَبِّ أسْـأَلُـكَ خَـيرَ ما في هـذهِ اللَّـيْلَةِ وَخَـيرَ ما بَعْـدَهـا ، وَأَعـوذُ بِكَ مِنْ شَـرِّ ما في هـذهِ اللَّـيْلةِ وَشَرِّ ما بَعْـدَهـا ، رَبِّ أَعـوذُبِكَ مِنَ الْكَسَـلِ وَسـوءِ الْكِـبَر ، رَبِّ أَعـوذُ بِكَ مِنْ عَـذابٍ في النّـارِ وَعَـذابٍ في القَـبْر.","","","1"
"أذكار المساء","7","اللّهـمَّ أَنْتَ رَبِّـي لا إلهَ إلاّ أَنْتَ ، خَلَقْتَنـي وَأَنا عَبْـدُك ، وَأَنا عَلـى عَهْـدِكَ وَوَعْـدِكَ ما اسْتَـطَعْـت ، أَعـوذُبِكَ مِنْ شَـرِّ ما صَنَـعْت ، أَبـوءُ لَـكَ بِنِعْـمَتِـكَ عَلَـيَّ وَأَبـوءُ بِذَنْـبي فَاغْفـِرْ لي فَإِنَّـهُ لا يَغْـفِرُ الذُّنـوبَ إِلاّ أَنْتَ .","","من قالها موقنا بها حين يمسى ومات من ليلته دخل الجنة وكذلك حين يصبح.","1"
"أذكار المساء","8","رَضيـتُ بِاللهِ رَبَّـاً وَبِالإسْلامِ ديـناً وَبِمُحَـمَّدٍ صلى الله عليه وسلم نَبِيّـاً.","","من قالها حين يصبح وحين يمسى كان حقا على الله أن يرضيه يوم القيامة.","3"
"أذكار المساء","9","اللّهُـمَّ إِنِّـي أَمسيتُ أُشْـهِدُك ، وَأُشْـهِدُ حَمَلَـةَ عَـرْشِـك ، وَمَلَائِكَتَكَ ، وَجَمـيعَ خَلْـقِك ، أَنَّـكَ أَنْـتَ اللهُ لا إلهَ إلاّ أَنْـتَ وَحْـدَكَ لا شَريكَ لَـك ، وَأَنَّ ُ مُحَمّـداً عَبْـدُكَ وَرَسـولُـك.","","من قالها أعتقه الله من النار.","4"
"أذكار المساء","10","اللّهُـمَّ ما أَمسى بي مِـنْ نِعْـمَةٍ أَو بِأَحَـدٍ مِـنْ خَلْـقِك ، فَمِـنْكَ وَحْـدَكَ لا شريكَ لَـك ، فَلَـكَ الْحَمْـدُ وَلَـكَ الشُّكْـر.","","من قالها حين يمسى أدى شكر يومه.","1"
"أذكار المساء","11","حَسْبِـيَ اللّهُ لا إلهَ إلاّ هُوَ عَلَـيهِ تَوَكَّـلتُ وَهُوَ رَبُّ العَرْشِ العَظـيم.","","من قالها كفاه الله ما أهمه من أمر الدنيا والأخرة.","7"
"أذكار المساء","12","بِسـمِ اللهِ الذي لا يَضُـرُّ مَعَ اسمِـهِ شَيءٌ في الأرْضِ وَلا في السّمـاءِ وَهـوَ السّمـيعُ العَلـيم.","","لم يضره من الله شيء.","3"
"أذكار المساء","13","اللّهُـمَّ بِكَ أَمْسَـينا وَبِكَ أَصْـبَحْنا، وَبِكَ نَحْـيا وَبِكَ نَمُـوتُ وَإِلَـيْكَ الْمَصِيرُ.","","","1"
"أذكار المساء","14","أَمْسَيْنَا عَلَى فِطْرَةِ الإسْلاَمِ، وَعَلَى كَلِمَةِ الإِخْلاَصِ، وَعَلَى دِينِ نَبِيِّنَا مُحَمَّدٍ صَلَّى اللهُ عَلَيْهِ وَسَلَّمَ، وَعَلَى مِلَّةِ أَبِينَا إبْرَاهِيمَ حَنِيفاً مُسْلِماً وَمَا كَانَ مِنَ المُشْرِكِينَ.","","","1"
"أذكار المساء","15","سُبْحـانَ اللهِ وَبِحَمْـدِهِ عَدَدَ خَلْـقِه ، وَرِضـا نَفْسِـه ، وَزِنَـةَ عَـرْشِـه ، وَمِـدادَ كَلِمـاتِـه.","","","3"
"أذكار المساء","16","اللّهُـمَّ عافِـني في بَدَنـي ، اللّهُـمَّ عافِـني في سَمْـعي ، اللّهُـمَّ عافِـني في بَصَـري ، لا إلهَ إلاّ أَنْـتَ.","","","3"
"أذكار المساء","17","اللّهُـمَّ إِنّـي أَعـوذُ بِكَ مِنَ الْكُـفر ، وَالفَـقْر ، وَأَعـوذُ بِكَ مِنْ عَذابِ القَـبْر ، لا إلهَ إلاّ أَنْـتَ.","","","3"
"أذكار المساء","18","اللّهُـمَّ إِنِّـي أسْـأَلُـكَ العَـفْوَ وَالعـافِـيةَ في الدُّنْـيا وَالآخِـرَة ، اللّهُـمَّ إِنِّـي أسْـأَلُـكَ العَـفْوَ وَالعـافِـيةَ في ديني وَدُنْـيايَ وَأهْـلي وَمالـي ، اللّهُـمَّ اسْتُـرْ عـوْراتي وَآمِـنْ رَوْعاتـي ، اللّهُـمَّ احْفَظْـني مِن بَـينِ يَدَيَّ وَمِن خَلْفـي وَعَن يَمـيني وَعَن شِمـالي ، وَمِن فَوْقـي ، وَأَعـوذُ بِعَظَمَـتِكَ أَن أُغْـتالَ مِن تَحْتـي.","","","1"
"أذكار المساء","19","يَا حَيُّ يَا قيُّومُ بِرَحْمَتِكَ أسْتَغِيثُ أصْلِحْ لِي شَأنِي كُلَّهُ وَلاَ تَكِلْنِي إلَى نَفْسِي طَـرْفَةَ عَيْنٍ.","","","3"
"أذكار المساء","20","أَمْسَيْنا وَأَمْسَى الْمُلْكُ للهِ رَبِّ الْعَالَمَيْنِ، اللَّهُمَّ إِنَّي أسْأَلُكَ خَيْرَ هَذَه اللَّيْلَةِ فَتْحَهَا ونَصْرَهَا، ونُوْرَهَا وبَرَكَتهَا، وَهُدَاهَا، وَأَعُوذُ بِكَ مِنْ شَرِّ مَا فيهِا وَشَرَّ مَا بَعْدَهَا.","","","1"
"أذكار المساء","21","اللّهُـمَّ عالِـمَ الغَـيْبِ وَالشّـهادَةِ فاطِـرَ السّماواتِ وَالأرْضِ رَبَّ كـلِّ شَـيءٍ وَمَليـكَه ، أَشْهَـدُ أَنْ لا إِلـهَ إِلاّ أَنْت ، أَعـوذُ بِكَ مِن شَـرِّ نَفْسـي وَمِن شَـرِّ الشَّيْـطانِ وَشِرْكِهِ ، وَأَنْ أَقْتَـرِفَ عَلـى نَفْسـي سوءاً أَوْ أَجُـرَّهُ إِلـى مُسْـلِم.","","","1"
"أذكار المساء","22","أَعـوذُ بِكَلِمـاتِ اللّهِ التّـامّـاتِ مِنْ شَـرِّ ما خَلَـق.","","","3"
"أذكار المساء","23","اللَّهُمَّ صَلِّ وَسَلِّمْ وَبَارِكْ على نَبِيِّنَا مُحمَّد.","","من صلى على حين يصبح وحين يمسى ادركته شفاعتى يوم القيامة.","10"
"أذكار المساء","24","اللَّهُمَّ إِنَّا نَعُوذُ بِكَ مِنْ أَنْ نُشْرِكَ بِكَ شَيْئًا نَعْلَمُهُ ، وَنَسْتَغْفِرُكَ لِمَا لَا نَعْلَمُهُ.","","","3"
"أذكار المساء","25","اللَّهُمَّ إِنِّي أَعُوذُ بِكَ مِنْ الْهَمِّ وَالْحَزَنِ، وَأَعُوذُ بِكَ مِنْ الْعَجْزِ وَالْكَسَلِ، وَأَعُوذُ بِكَ مِنْ الْجُبْنِ وَالْبُخْلِ، وَأَعُوذُ بِكَ مِنْ غَلَبَةِ الدَّيْنِ، وَقَهْرِ الرِّجَالِ.","","","3"
"أذكار المساء","26","أسْتَغْفِرُ اللهَ العَظِيمَ الَّذِي لاَ إلَهَ إلاَّ هُوَ، الحَيُّ القَيُّومُ، وَأتُوبُ إلَيهِ.","","","3"
"أذكار المساء","27","يَا رَبِّ , لَكَ الْحَمْدُ كَمَا يَنْبَغِي لِجَلَالِ وَجْهِكَ , وَلِعَظِيمِ سُلْطَانِكَ.","","","3"
"أذكار المساء","28","لَا إلَه إلّا اللهُ وَحْدَهُ لَا شَرِيكَ لَهُ، لَهُ الْمُلْكُ وَلَهُ الْحَمْدُ وَهُوَ عَلَى كُلِّ شَيْءِ قَدِيرِ.","","كانت له عدل عشر رقاب، وكتبت له مئة حسنة، ومحيت عنه مئة سيئة، وكانت له حرزا من الشيطان.","100"
"أذكار المساء","29","اللَّهُمَّ أَنْتَ رَبِّي لا إِلَهَ إِلا أَنْتَ ، عَلَيْكَ تَوَكَّلْتُ ، وَأَنْتَ رَبُّ الْعَرْشِ الْعَظِيمِ , مَا شَاءَ اللَّهُ كَانَ ، وَمَا لَمْ يَشَأْ لَمْ يَكُنْ ، وَلا حَوْلَ وَلا قُوَّةَ إِلا بِاللَّهِ الْعَلِيِّ الْعَظِيمِ , أَعْلَمُ أَنَّ اللَّهَ عَلَى كُلِّ شَيْءٍ قَدِيرٌ ، وَأَنَّ اللَّهَ قَدْ أَحَاطَ بِكُلِّ شَيْءٍ عِلْمًا , اللَّهُمَّ إِنِّي أَعُوذُ بِكَ مِنْ شَرِّ نَفْسِي ، وَمِنْ شَرِّ كُلِّ دَابَّةٍ أَنْتَ آخِذٌ بِنَاصِيَتِهَا ، إِنَّ رَبِّي عَلَى صِرَاطٍ مُسْتَقِيمٍ.","","ذكر طيب.","1"
"أذكار المساء","30","سُبْحـانَ اللهِ وَبِحَمْـدِهِ.","","حُطَّتْ خَطَايَاهُ وَإِنْ كَانَتْ مِثْلَ زَبَدِ الْبَحْرِ. لَمْ يَأْتِ أَحَدٌ يَوْمَ الْقِيَامَةِ بِأَفْضَلَ مِمَّا جَاءَ بِهِ إِلَّا أَحَدٌ قَالَ مِثْلَ مَا قَالَ أَوْ زَادَ عَلَيْهِ.","100"
"تسابيح","1","سُبْحَانَ اللَّهِ","","يكتب له ألف حسنة أو يحط عنه ألف خطيئة.","100"
"تسابيح","2","سُبْحَانَ اللَّهِ وَبِحَمْدِهِ","","حُطَّتْ خَطَايَاهُ وَإِنْ كَانَتْ مِثْلَ زَبَدِ الْبَحْرِ. لَمْ يَأْتِ أَحَدٌ يَوْمَ الْقِيَامَةِ بِأَفْضَلَ مِمَّا جَاءَ بِهِ إِلَّا أَحَدٌ قَالَ مِثْلَ مَا قَالَ أَوْ زَادَ عَلَيْهِ.","100"
"تسابيح","3","سُبْحَانَ اللَّهِ وَالْحَمْدُ لِلَّهِ","","تَمْلَآَنِ مَا بَيْنَ السَّمَاوَاتِ وَالْأَرْضِ.","100"
"تسابيح","4","سُبْحَانَ اللهِ العَظِيمِ وَبِحَمْدِهِ","","غرست له نخلة في الجنة (أى عدد).","100"
"تسابيح","5","سُبْحَانَ اللَّهِ وَبِحَمْدِهِ ، سُبْحَانَ اللَّهِ الْعَظِيمِ","","ثقيلتان في الميزان حبيبتان إلى الرحمن (أى عدد).","100"
"تسابيح","6","لَا إلَه إلّا اللهُ وَحْدَهُ لَا شَرِيكَ لَهُ، لَهُ الْمُلْكُ وَلَهُ الْحَمْدُ وَهُوَ عَلَى كُلُّ شَيْءِ قَدِيرِ.","","كانت له عدل عشر رقاب، وكتبت له مئة حسنة، ومحيت عنه مئة سيئة، وكانت له حرزا من الشيطان.","100"
"تسابيح","7","لا حَوْلَ وَلا قُوَّةَ إِلا بِاللَّهِ","","كنز من كنوز الجنة (أى عدد).","100"
"تسابيح","8","الْحَمْدُ للّهِ رَبِّ الْعَالَمِينَ","","تملأ ميزان العبد بالحسنات.","100"
"تسابيح","9","الْلَّهُم صَلِّ وَسَلِم وَبَارِك عَلَى سَيِّدِنَا مُحَمَّد","","من صلى على حين يصبح وحين يمسى ادركته شفاعتى يوم القيامة.","100"
"تسابيح","10","أستغفر الله","","لفعل الرسول صلى الله عليه وسلم.","100"
"تسابيح","11","سُبْحَانَ الْلَّهِ، وَالْحَمْدُ لِلَّهِ، وَلَا إِلَهَ إِلَّا الْلَّهُ، وَالْلَّهُ أَكْبَرُ","","أنهن أحب الكلام الى الله، ومكفرات للذنوب، وغرس الجنة، وجنة لقائلهن من النار، وأحب الى النبي عليه السلام مما طلعت عليه الشمس، والْبَاقِيَاتُ الْصَّالِحَات.","100"
"تسابيح","12","لَا إِلَهَ إِلَّا اللَّهُ","","أفضل الذكر لا إله إلاّ الله.","100"
"تسابيح","13","الْلَّهُ أَكْبَرُ","","من قال الله أكبر كتبت له عشرون حسنة وحطت عنه عشرون سيئة. الله أكبر من كل شيء.","100"
"تسابيح","14","سُبْحَانَ اللَّهِ ، وَالْحَمْدُ لِلَّهِ ، وَلا إِلَهَ إِلا اللَّهُ ، وَاللَّهُ أَكْبَرُ ، اللَّهُمَّ اغْفِرْ لِي ، اللَّهُمَّ ارْحَمْنِي ، اللَّهُمَّ ارْزُقْنِي.","","خير الدنيا والآخرة","100"
"تسابيح","15","الْحَمْدُ لِلَّهِ حَمْدًا كَثِيرًا طَيِّبًا مُبَارَكًا فِيهِ.","","قَالَ النَّبِيُّ صَلَّى اللَّهُ عَلَيْهِ وَسَلَّمَ ‏\"‏لَقَدْ رَأَيْتُ اثْنَيْ عَشَرَ مَلَكًا يَبْتَدِرُونَهَا، أَيُّهُمْ يَرْفَعُهَا\"‏.","100"
"تسابيح","16","اللَّهُ أَكْبَرُ كَبِيرًا ، وَالْحَمْدُ لِلَّهِ كَثِيرًا ، وَسُبْحَانَ اللَّهِ بُكْرَةً وَأَصِيلاً.","","قَالَ النَّبِيُّ صَلَّى اللَّهُ عَلَيْهِ وَسَلَّمَ \"عَجِبْتُ لَهَا ، فُتِحَتْ لَهَا أَبْوَابُ السَّمَاءِ\".","100"
"تسابيح","17","اللَّهُمَّ صَلِّ عَلَى مُحَمَّدٍ وَعَلَى آلِ مُحَمَّدٍ كَمَا صَلَّيْتَ عَلَى إِبْرَاهِيمَ , وَعَلَى آلِ إِبْرَاهِيمَ إِنَّكَ حَمِيدٌ مَجِيدٌ , اللَّهُمَّ بَارِكْ عَلَى مُحَمَّدٍ وَعَلَى آلِ مُحَمَّدٍ كَمَا بَارَكْتَ عَلَى إِبْرَاهِيمَ وَعَلَى آلِ إِبْرَاهِيمَ إِنَّكَ حَمِيدٌ مَجِيدٌ.","","في كل مره تحط عنه عشر خطايا ويرفع له عشر درجات ويصلي الله عليه عشرا وتعرض على الرسول صلى الله عليه وسلم (أى عدد).","100"
"أذكار دخول وخروج المنزل","1","بِسْـمِ اللهِ وَلَجْنـا، وَبِسْـمِ اللهِ خَـرَجْنـا، وَعَلـى رَبِّنـا تَوَكّلْـنا.","","","1"
"أذكار دخول وخروج المنزل","2","بِسْمِ اللهِ ، تَوَكَّلْـتُ عَلى اللهِ وَلا حَوْلَ وَلا قُـوَّةَ إِلاّ بِالله. اللّهُـمَّ إِنِّـي أَعـوذُ بِكَ أَنْ أَضِـلَّ أَوْ أُضَـل ، أَوْ أَزِلَّ أَوْ أُزَل ، أَوْ أَظْلِـمَ أَوْ أُُظْلَـم ، أَوْ أَجْهَلَ أَوْ يُـجْهَلَ عَلَـيّ.","","","1"
"أذكار عند سماع الآذان","1","يَقُولُ مِثْلَ مَا يَقُولُ الـمُؤَذِّنُ إلاَّ فِي \"حَيَّ عَلَى الصَّلاةِ وَحَيَّ عَلَى الفَلاَحِ\" فَيَقُولُ: \"لاَ حَوْلَ وَلا قُوَّةَ إلاَّ باللَّهِ\".","","","1"
"أذكار عند سماع الآذان","2","أَشْهَد أَنْ لا إِله إِلاَّ اللَّه وحْدهُ لا شَريك لهُ ، وَأَنَّ مُحمَّداً عبْدُهُ وَرسُولُهُ ، رضِيتُ بِاللَّهِ ربًّا ، وبمُحَمَّدٍ رَسُولاً ، وبالإِسْلامِ دِينًا","رواه مسلم","غُفِر لَهُ ذَنْبُهُ","1"
"أذكار عند سماع الآذان","3","اللَّهُمَّ رَبَّ هذِهِ الدَّعوةِ التَّامَّةِ ، والصَّلاةِ الْقَائِمةِ، آت مُحَمَّداً الْوسِيلَةَ ، والْفَضَيِلَة، وابْعثْهُ مقَامًا محْمُوداً الَّذي وعَدْتَه","رواه البخاري","حلَّتْ لَهُ شَفَاعتي يوْم الْقِيامِة","1"
"أذكار عند سماع الآذان","4","اللَّهُمَّ صَلِّ وَسَلِّمْ وَبَارِكْ عَلَى سَيِّدِنَا مُحَمَّدٍ. اللَّهُمَّ رَبَّ هَذِهِ الدَّعْوَةِ التَّامَّةِ، والصَّلاةِ القَائِمَةِ، آتِ مُـحَمَّداً الوَسِيْلَةَ والفَضِيْلَةَ، وابْعَثْهُ مَقَاماً مَـحْمُوداً الَّذِي وَعَدْتَهُ، إنَّكَ لا تُخْلِفُ الـمِيْعَادِ.","","","1"
"أذكار المسجد","1","اللّهُـمَّ اجْعَـلْ في قَلْبـي نورا ، وَفي لِسـاني نورا، وَاجْعَـلْ في سَمْعي نورا، وَاجْعَـلْ في بَصَري نورا، وَاجْعَـلْ مِنْ خَلْفي نورا، وَمِنْ أَمامـي نورا، وَاجْعَـلْ مِنْ فَوْقـي نورا ، وَمِن تَحْتـي نورا .اللّهُـمَّ أَعْطِنـي نورا.","","","1"
"أذكار المسجد","2","يَبْدَأُ بِرِجْلِهِ اليُمْنَى، وَيَقُولُ: \nأَعوذُ باللهِ العَظيـم وَبِوَجْهِـهِ الكَرِيـم وَسُلْطـانِه القَديـم مِنَ الشّيْـطانِ الرَّجـيم، بِسْمِ اللَّهِ، وَالصَّلاةُ وَالسَّلامُ عَلَى رَسُولِ الله، اللّهُـمَّ افْتَـحْ لي أَبْوابَ رَحْمَتـِك.","","","1"
"أذكار المسجد","3","يَبْدَأُ بِرِجْلِهِ الْيُسْرَى، وَيَقُولُ: \nبِسْـمِ اللَّـهِ وَالصَّلاةُ وَالسَّلامُ عَلَى رَسُولِ اللَّهِ، اللَّهُمَّ إنِّي أَسْأَلُكَ مِنْ فَضْلِكَ، اللَّهُمَّ اعْصِمْنِي مِنَ الشَّيْطَانِ الرَّجِيم.","","","1"
"أذكار دخول وخروج الخلاء","1","(بِسْمِ الله) اللّهُـمَّ إِنِّـي أَعـوذُ بِـكَ مِـنَ الْخُـبْثِ وَالْخَبائِث.","","","1"
"أذكار دخول وخروج الخلاء","2","غُفْـرانَك.","","","1"
"أذكار بعد السلام من الصلاة المفروضة","1","أَسْـتَغْفِرُ الله، أَسْـتَغْفِرُ الله، أَسْـتَغْفِرُ الله. اللّهُـمَّ أَنْـتَ السَّلامُ ، وَمِـنْكَ السَّلام ، تَبارَكْتَ يا ذا الجَـلالِ وَالإِكْـرام .","","","1"
"أذكار بعد السلام من الصلاة المفروضة","2","لا إلهَ إلاّ اللّهُ وحدَهُ لا شريكَ لهُ، لهُ المُـلْكُ ولهُ الحَمْد، وهوَ على كلّ شَيءٍ قَدير، اللّهُـمَّ لا مانِعَ لِما أَعْطَـيْت، وَلا مُعْطِـيَ لِما مَنَـعْت، وَلا يَنْفَـعُ ذا الجَـدِّ مِنْـكَ الجَـد.","","","1"
"أذكار بعد السلام من الصلاة المفروضة","3","لا إلهَ إلاّ اللّه, وحدَهُ لا شريكَ لهُ، لهُ الملكُ ولهُ الحَمد، وهوَ على كلّ شيءٍ قدير، لا حَـوْلَ وَلا قـوَّةَ إِلاّ بِاللهِ، لا إلهَ إلاّ اللّـه، وَلا نَعْـبُـدُ إِلاّ إيّـاه, لَهُ النِّعْـمَةُ وَلَهُ الفَضْل وَلَهُ الثَّـناءُ الحَـسَن، لا إلهَ إلاّ اللّهُ مخْلِصـينَ لَـهُ الدِّينَ وَلَوْ كَـرِهَ الكـافِرون.","","","1"
"أذكار بعد السلام من الصلاة المفروضة","4","سُـبْحانَ اللهِ، والحَمْـدُ لله ، واللهُ أكْـبَر.","","","33"
"أذكار بعد السلام من الصلاة المفروضة","5","لا إلهَ إلاّ اللّهُ وَحْـدَهُ لا شريكَ لهُ، لهُ الملكُ ولهُ الحَمْد، وهُوَ على كُلّ شَيءٍ قَـدير.","","","1"
"أذكار بعد السلام من الصلاة المفروضة","6","بِسْمِ اللهِ الرَّحْمنِ الرَّحِيم قُلْ هُوَ ٱللَّهُ أَحَدٌ، ٱللَّهُ ٱلصَّمَدُ، لَمْ يَلِدْ وَلَمْ يُولَدْ، وَلَمْ يَكُن لَّهُۥ كُفُوًا أَحَدٌۢ. بِسْمِ اللهِ الرَّحْمنِ الرَّحِيم قُلْ أَعُوذُ بِرَبِّ ٱلْفَلَقِ، مِن شَرِّ مَا خَلَقَ، وَمِن شَرِّ غَاسِقٍ إِذَا وَقَبَ، وَمِن شَرِّ ٱلنَّفَّٰثَٰتِ فِى ٱلْعُقَدِ، وَمِن شَرِّ حَاسِدٍ إِذَا حَسَدَ. بِسْمِ اللهِ الرَّحْمنِ الرَّحِيم قُلْ أَعُوذُ بِرَبِّ ٱلنَّاسِ، مَلِكِ ٱلنَّاسِ، إِلَٰهِ ٱلنَّاسِ، مِن شَرِّ ٱلْوَسْوَاسِ ٱلْخَنَّاسِ، ٱلَّذِى يُوَسْوِسُ فِى صُدُورِ ٱلنَّاسِ، مِنَ ٱلْجِنَّةِ وَٱلنَّاسِ.","","ثلاث مرات بعد صلاتي الفجر والمغرب. ومرة بعد الصلوات الأخرى.","3"
"أذكار بعد السلام من الصلاة المفروضة","7","أَعُوذُ بِاللهِ مِنْ الشَّيْطَانِ الرَّجِيمِ اللّهُ لاَ إِلَـهَ إِلاَّ هُوَ الْحَيُّ الْقَيُّومُ لاَ تَأْخُذُهُ سِنَةٌ وَلاَ نَوْمٌ لَّهُ مَا فِي السَّمَاوَاتِ وَمَا فِي الأَرْضِ مَن ذَا الَّذِي يَشْفَعُ عِنْدَهُ إِلاَّ بِإِذْنِهِ يَعْلَمُ مَا بَيْنَ أَيْدِيهِمْ وَمَا خَلْفَهُمْ وَلاَ يُحِيطُونَ بِشَيْءٍ مِّنْ عِلْمِهِ إِلاَّ بِمَا شَاء وَسِعَ كُرْسِيُّهُ السَّمَاوَاتِ وَالأَرْضَ وَلاَ يَؤُودُهُ حِفْظُهُمَا وَهُوَ الْعَلِيُّ الْعَظِيمُ.","[آية الكرسى - البقرة 255]","","1"
"أذكار بعد السلام من الصلاة المفروضة","8","لا إلهَ إلاّ اللّهُ وحْـدَهُ لا شريكَ لهُ، لهُ المُلكُ ولهُ الحَمْد، يُحيـي وَيُمـيتُ وهُوَ على كُلّ شيءٍ قدير.","","عَشْر مَرّات بَعْدَ المَغْرِب وَالصّـبْح.","10"
"أذكار بعد السلام من الصلاة المفروضة","9","اللّهُـمَّ إِنِّـي أَسْأَلُـكَ عِلْمـاً نافِعـاً وَرِزْقـاً طَيِّـباً ، وَعَمَـلاً مُتَقَـبَّلاً.","","بَعْد السّلامِ من صَلاةِ الفَجْر.","1"
"أذكار بعد السلام من الصلاة المفروضة","10","اللَّهُمَّ أَجِرْنِي مِنْ النَّار.","","بعد صلاة الصبح والمغرب.","7"
"أذكار بعد السلام من الصلاة المفروضة","11","اللَّهُمَّ أَعِنِّي عَلَى ذِكْرِكَ وَشُكْرِكَ وَحُسْنِ عِبَادَتِكَ.","","","1"
"أذكار الوضوء","1","بِسْمِ ٱللّٰهِ","","","1"
"أذكار الوضوء","2","أشْهَدُ أن لا إله إلا الله وحْدَهُ لا شريكَ لهُ ، وأشْهَدُ أنَّ محمداً عَبدُهُ ورسُولُه","","","1"
"أذكار الوضوء","3","اللَّهُمَّ اجْعَلْني مِنَ التَّوَّابينَ واجْعَلْنِي من المُتَطَهِّرِينَ","","","1"
"أذكار الوضوء","4","سُبْحَانَكَ اللَّهُمَّ وبَحَمْدكَ أشْهدُ أنْ لا إلهَ إلا أنْتَ أَسْتَغْفِرُكَ وأتُوبُ إِلَيْكَ","","","1"
"أذكار النوم والأحلام","1","بِاسْمِكَ رَبِّـي وَضَعْـتُ جَنْـبي ، وَبِكَ أَرْفَعُـه، فَإِن أَمْسَـكْتَ نَفْسـي فارْحَـمْها ، وَإِنْ أَرْسَلْتَـها فاحْفَظْـها بِمـا تَحْفَـظُ بِه عِبـادَكَ الصّـالِحـين.","","","1"
"أذكار النوم والأحلام","2","اللّهُـمَّ إِنَّـكَ خَلَـقْتَ نَفْسـي وَأَنْـتَ تَوَفّـاهـا لَكَ ممَـاتـها وَمَحْـياها ، إِنْ أَحْيَيْـتَها فاحْفَظْـها ، وَإِنْ أَمَتَّـها فَاغْفِـرْ لَـها . اللّهُـمَّ إِنَّـي أَسْـأَلُـكَ العـافِـيَة.","","","1"
"أذكار النوم والأحلام","3","اللّهُـمَّ قِنـي عَذابَـكَ يَـوْمَ تَبْـعَثُ عِبـادَك.","","","3"
"أذكار النوم والأحلام","4","بِاسْـمِكَ اللّهُـمَّ أَمـوتُ وَأَحْـيا.","","","1"
"أذكار النوم والأحلام","5","الـحَمْدُ للهِ الَّذي أَطْـعَمَنا وَسَقـانا، وَكَفـانا، وَآوانا، فَكَـمْ مِمَّـنْ لا كـافِيَ لَـهُ وَلا مُـؤْوي.","","","1"
"أذكار النوم والأحلام","6","اللّهُـمَّ عالِـمَ الغَـيبِ وَالشّـهادةِ فاطِـرَ السّماواتِ وَالأرْضِ رَبَّ كُـلِّ شَـيءٍ وَمَليـكَه، أَشْهـدُ أَنْ لا إِلـهَ إِلاّ أَنْت، أَعـوذُ بِكَ مِن شَـرِّ نَفْسـي، وَمِن شَـرِّ الشَّيْـطانِ وَشِـرْكِه، وَأَنْ أَقْتَـرِفَ عَلـى نَفْسـي سوءاً أَوْ أَجُـرَّهُ إِلـى مُسْـلِم .","","","1"
"أذكار النوم والأحلام","7","اللّهُـمَّ أَسْـلَمْتُ نَفْـسي إِلَـيْكَ، وَفَوَّضْـتُ أَمْـري إِلَـيْكَ، وَوَجَّـهْتُ وَجْـهي إِلَـيْكَ، وَأَلْـجَـاْتُ ظَهـري إِلَـيْكَ، رَغْبَـةً وَرَهْـبَةً إِلَـيْكَ، لا مَلْجَـأَ وَلا مَنْـجـا مِنْـكَ إِلاّ إِلَـيْكَ، آمَنْـتُ بِكِتـابِكَ الّـذي أَنْزَلْـتَ وَبِنَبِـيِّـكَ الّـذي أَرْسَلْـت.","","","1"
"أذكار النوم والأحلام","8","سُبْحَانَ اللَّهِ.","","","33"
"أذكار النوم والأحلام","9","الْحَمْدُ لِلَّهِ.","","","33"
"أذكار النوم والأحلام","10","اللَّهُ أَكْبَرُ.","","","34"
"أذكار النوم والأحلام","11","يجمع كفيه ثم ينفث فيهما والقراءة فيهما: قل هو الله أحد و قل أعوذ برب الفلق و قل أعوذ برب الناس ومسح ما استطاع من الجسد يبدأ بهما على رأسه ووجه وما أقبل من جسده.","","","3"
"أذكار النوم والأحلام","12","سورة البقرة: أَعُوذُ بِاللهِ مِنْ الشَّيْطَانِ الرَّجِيمِ آمَنَ الرَّسُولُ بِمَا أُنْزِلَ إِلَيْهِ مِنْ رَبِّهِ وَالْمُؤْمِنُونَ ۚ كُلٌّ آمَنَ بِاللَّهِ وَمَلَائِكَتِهِ وَكُتُبِهِ وَرُسُلِهِ لَا نُفَرِّقُ بَيْنَ أَحَدٍ مِنْ رُسُلِهِ ۚ وَقَالُوا سَمِعْنَا وَأَطَعْنَا ۖ غُفْرَانَكَ رَبَّنَا وَإِلَيْكَ الْمَصِيرُ. لَا يُكَلِّفُ اللَّهُ نَفْسًا إِلَّا وُسْعَهَا لَهَا مَا كَسَبَتْ وَعَلَيْهَا مَا اكْتَسَبَتْ رَبَّنَا لَا تُؤَاخِذْنَا إِنْ نَسِينَا أَوْ أَخْطَأْنَا رَبَّنَا وَلَا تَحْمِلْ عَلَيْنَا إِصْرًا كَمَا حَمَلْتَهُ عَلَى الَّذِينَ مِنْ قَبْلِنَا رَبَّنَا وَلَا تُحَمِّلْنَا مَا لَا طَاقَةَ لَنَا بِهِ وَاعْفُ عَنَّا وَاغْفِرْ لَنَا وَارْحَمْنَا أَنْتَ مَوْلَانَا فَانْصُرْنَا عَلَى الْقَوْمِ الْكَافِرِينَ.","[البقرة 285 - 286]","من قرأ آيتين من آخر سورة البقرة في ليلة كفتاه.","1"
"أذكار النوم والأحلام","13","آية الكرسى: أَعُوذُ بِاللهِ مِنْ الشَّيْطَانِ الرَّجِيمِ اللّهُ لاَ إِلَـهَ إِلاَّ هُوَ الْحَيُّ الْقَيُّومُ لاَ تَأْخُذُهُ سِنَةٌ وَلاَ نَوْمٌ لَّهُ مَا فِي السَّمَاوَاتِ وَمَا فِي الأَرْضِ مَن ذَا الَّذِي يَشْفَعُ عِنْدَهُ إِلاَّ بِإِذْنِهِ يَعْلَمُ مَا بَيْنَ أَيْدِيهِمْ وَمَا خَلْفَهُمْ وَلاَ يُحِيطُونَ بِشَيْءٍ مِّنْ عِلْمِهِ إِلاَّ بِمَا شَاء وَسِعَ كُرْسِيُّهُ السَّمَاوَاتِ وَالأَرْضَ وَلاَ يَؤُودُهُ حِفْظُهُمَا وَهُوَ الْعَلِيُّ الْعَظِيمُ.","[البقرة 255]","أجير من الجن حتى يصبح.","1"
"أذكار النوم والأحلام","14","اللهم رب السموات السبع وما أظلت، ورب الأرضين وما أقلت، ورب الشياطين وما أضلت، كن لي جارا من خلقك كلهم جميعا أن يفرط علي أحد منهم أو أن يبغي علي، عز جارك، وجل ثناؤك ولا إله غيرك، ولا إله إلا أنت. أعوذ بكلمات الله التامة من غضبه وشر عباده، ومن همزات الشياطين وأن يحضرون.","","دعاء لمن قلق في فراشه ولم ينم: من الأرق (رواه خالد بن الوليد) ومن الفزع (رواه عمرو بن شعيب).","1"
"أذكار النوم والأحلام","15","أعوذ بالله من الشيطان الرجيم.","","قال رسول الله صلى الله عليه وسلم: الرؤيا الصالحة من الله، والحلم من الشيطان، فمن رأى شيئا يكرهه فلينفث عن شماله ثلاثا وليتعوذ من الشيطان، فإنها لا تضره.","1"
"أذكار الإستيقاظ من النوم","1","الحَمْـدُ لِلّهِ الّذي أَحْـيانا بَعْـدَ ما أَماتَـنا وَإليه النُّـشور.","","","1"
"أذكار الإستيقاظ من النوم","2","الحمدُ للهِ الذي عافاني في جَسَدي وَرَدّ عَليّ روحي وَأَذِنَ لي بِذِكْرِه.","","","1"
"أذكار الإستيقاظ من النوم","3","لا إلهَ إلاّ اللّهُ وَحْـدَهُ لا شَـريكَ له، لهُ المُلـكُ ولهُ الحَمـد، وهوَ على كلّ شيءٍ قدير، سُـبْحانَ اللهِ، والحمْـدُ لله ، ولا إلهَ إلاّ اللهُ واللهُ أكبَر، وَلا حَولَ وَلا قوّة إلاّ باللّهِ العليّ العظيم. رَبِّ اغْفرْ لي.","","","1"
"الذكر عند الطعام والشراب","1","بِسْمِ اللهِ. فإنْ نسي في أَوَّلِهِ، فَليَقُلْ: بِسْمِ اللَّه أَوَّلَهُ وَآخِرَهُ.","","","1"
"الذكر عند شرب اللبن","2","اَللَّهُمَّ بَارِكْ لَنَا فِيهِ, وَزِدْنَا مِنْهُ.","","","1"
"الذكر عند الفراغ من الطعام والشراب","3","الْحَمْدُ للهِ الَّذِي أَطْعَمَنِي هَذَا, وَرَزَقَنِيهِ مِنْ غَيْرِ حَوْلٍ مِّنِّي وَلاَ قُوَّةٍ. الْحَمْدُ لِلَّهِ كَثِيرًا طَيِّبًا مُبَارَكًا فِيهِ غَيْرَ مَكْفِيٍّ وَلَا مُوَدَّعٍ وَلَا مُسْتَغْنًى عَنْهُ رَبَّنَا.","","غُفِرَ لَهُ مَا تَقَدَّمَ مِنْ ذَنْبِهِ.","1"
"أذكار الضيف","4","أَفْطَرَ عِنْدَكُمُ الصَّائِمُونَ ، وَأَكَلَ طَعَامَكُمُ الأَبْرَارُ ، وَصَلَّتْ عَلَيْكُمُ الْمَلائِكَةُ.","","","1"
"أذكار متفرقة","1","الحمدُ للهِ الّذي كَساني هذا (الثّوب) وَرَزَقَنيه مِنْ غَـيـْرِ حَولٍ مِنّي وَلا قـوّة.","","","1"
"أذكار متفرقة","2","اللهم لك الحمد أنت كسوتنيه، أسألك من خيره","","","1"
"أذكار متفرقة","3","لا إله إلا الله العظيم الحليم، لا إله إلا الله رب العرش العظيم، لا إله إلا الله رب السماوات، ورب الأرض ورب العرش الكريم اللهم رحمتك أرجو فلا تكلني إلى نفسي طرفة عين وأصلح لي شأني كله ، لا إله إلا أنت لا إله إلا أنت سبحانك إني كنت من الظالمين الله الله رب لا أشرك به شيئا","","","1"
"أذكار متفرقة","4","اللهم إني عبدك ابن عبدك ابن أمتك ناصيتي بيدك ماض في حكمك ، عدل في قضاؤك أسألك بكل اسم هو لك سميت به نفسك أو أنزلته في كتابك ، أو علمته أحداً من خلقك أو استأثرت به في علم الغيب عندك أن تجعل القرآن ربيع قلبي ، ونور صدري وجلاء حزني وذهاب همي. اللهم إني أعوذ بك من الهم والحزن والعجز والكسل والبخل والجبن ، وضلع الدين وغلبة الرجال.","","","1"
"أذكار متفرقة","5","اللهم اكفنى بحلالك عن حرامك وأغننى بفضلك عمن سواك","","","1"
"أذكار متفرقة","6","اللهم إنى أسألك خيرها، وخير ما فيها، وخير ما أرسلت به، وأعوذ بك من شرها، وشر ما فيها وشر ما أرسلت به.","","","1"
"أذكار متفرقة","7","سبحان الله الذي يسبح الرعد بحمده والملائكة من خيفته","","","1"
"أذكار متفرقة","8","السلام عليكم أهل الديار من المؤمنين والمسلمين، وإنا إن شاء الله بكم لاحقون ويرحم الله المستقدمين منا والمستأخرين، أسأل الله لنا ولكم العافية.","","","1"
"أذكار متفرقة","9","اللهم صيباَ نافعاَ","","","1"
"أذكار متفرقة","10","بسم الله ، الحمد لله ، سبحان الذي سخر لنا هذا وماكنا له مقرنين وإنا إلى ربنا لمنقلبون، الحمد لله ، الحمد لله ، الحمد لله ، الله اكبر ، الله أكبر ، الله أكبر ، سبحانك اللهم إني ظلمت نفسي فاغفر لي ، فإنه لايغفر الذنوب إلا أنت.","","","1"
"أذكار متفرقة","11","اللهم إنا نسألك في سفرنا هذا البر والتقوى، ومن العمل ماترضى ، اللهم هون علينا سفرنا هـذا واطوِ عنا بعده، اللهم أنت الصاحب في السفر، والخليفة في الأهل، اللهم إني أعوذ بك من وعثاء السفر وكآبة المنظر وسوء المنقلب في المال والأهل. وإذا رجع قالهن وزاد فيهن ـ\" آيبون ،تآئبون، عابدون ، لربنا حامدون","","","1"
"أذكار متفرقة","12","استودعكم الله الذي لا تضيع ودائعه","","","1"
"أذكار متفرقة","13","أستودع ُ الله دينك وأمانتك ، وخواتيم عملك زودك الله التقوى، وغفر ذنبك، ويسر لك الخير حيث ما كنت","","","1"
"أذكار متفرقة","14","أعوذ بكلمات الله التامات من شر ما خلق","","","1"
"أذكار متفرقة","15","رب اغفر لي رب اغفر لي اللهم اغفر لي ، وارحمني واهدني واجبرني وعافني وارزقني وارفعني","","","1"
"أذكار متفرقة","16","اللهم لاسهل إلا ماجعلته سهلا وأنت تجعل الحزن إذا شئت سهلا","","","1"
"أذكار متفرقة","17","اللهم إني أ عوذ بك أن أشرك بك وأنا أعلم ، وأستغفرك لما لا أعلم","","","1"
"أذكار متفرقة","18","رب اغفر لي وتب عليّ إنك أنت التواب الغفور","","100 مرة قبل أن يقوم","100"
"أذكار متفرقة","19","سبحانك اللهم وبحمدك ، أشهد أن لا إله إلا أنت أستغفرك وأتوب إليك","","","1"
"أذكار متفرقة","20","الحمد لله الذي عافاني مما ابتلا به وفضلني على كثير ممن خلق تفضيلاً","","","1"
"أذكار متفرقة","21","أعوذ بالله من الشيطان الرجيـم","","","1"
"أذكار متفرقة","22","بارك الله لك ، وبارك عليك ، وجمع بينكما في خير","","","1"
"أذكار متفرقة","23","اللهم إني أسألك خيرها وخير ماجبلتها عليه وأعوذ بك من شرها وشر ماجبلتها عليه ، وإذا اشترى بعيراً فليأخذ بذروة سنامه وليقل مثل ذلك","","","1"
"أذكار متفرقة","24","بسم الله ـ اللهم جنبنا الشيطان، وجنب الشيطان مارزقتنا","","","1"
"أذكار متفرقة","25","إذا عطـس أحـدكم فليقل : الحمـد لله ، وليقل له أخـوه ، أو صاحبه : يرحمـك الله فـإذا قال له : يرحمك الله ، فليقل : يهديكم الله ويصلح بالكم.","","","1"
"أذكار متفرقة","26","ذهب الضمـأ ، وأبتلت العروق ، وثبت الأجر إن شاء الله","","","1"
"أذكار متفرقة","27","أفطر عندكم الصائمون ، وأكل طعامكم الأبرار ، وصلت عليكم الملائكة","","","1"
"أذكار متفرقة","28","الله أكبر ، اللهم أهله علينا بالأمن ، والإيمان والسلامة ، والإسلام ، والتوفيق لما تحب وترضى ربنا وربك الله.","","","1"
"أذكار متفرقة","29","إنا لله وإنا إليه راجعون اللهم أجرني في مصيبتي واخلف لي خيرا منها","","","1"
"أذكار متفرقة","30","لابأس طهور إن شاء الله","","مامن عبد مسلم يعود مريضاً لم يحضر أجله فيقول سبع مرات : أسأل الله العظيم رب العرش العظيم أن يشفيك إلا عوفي.","1"
"أذكار متفرقة","31","اللهم اغفر لي وارحمني والحقني بالرفيق الأعلى","","","1"
"أذكار متفرقة","32","أعيذكما بكلمات الله التامة من كل شيطان وهامة ، ومن كل عين لامة","","","1"
"أذكار متفرقة","33","حسـبنا الله ونعـم الـوكـيل اللهم إنا نجعلك في نحورهم ونعوذ بك من شرورهم اللهم أنت عضدي ، وأنت نصيري ، بك أجول وبك أصول وبك أقاتل","","","1"
"أذكار متفرقة","34","اللهم إني أستخيرك بعلمك ، وأستقدرك بقدرتك وأسألك من فضلك العظيم فإنك تقدر ولا أقدر وتعلم ولاأعلم وأنت علام الغيوب ، اللهم إن كنت تعلم أن هذا الأمر ـ ويسمي حاجته ـ خيرا لي في ديني ومعاشي وعاقبة أمري ـ أو قال عاجله وآجله ـ فأقدره لي ويسره لي ثم بارك لي فيه ، وإن كنت تعلم أن هذا الأمر شر لي في ديني ومعاشي وعاقبة أمري ـ أو قال عاجله وآجله ـ فاصرفه عني واصرفني عنه واقدر لي الخير حيث كان ثم ارضني به","","قال جابر بن عبدالله رضي الله عنهما : كان رسول الله صلى الله عليه وسلم يعلمنا الاستخارة في الامور كلها كما يعلمنا السورة من القرآن ، يقول : ( إذا هم أحدكم بالأمر فليركع ركعتين من غير الفريضة ثم ليقل : اللهم إني أستخيرك بعلمك ، وأستقدرك بقدرتك وأسألك من فضلك العظيم فإنك تقدر ولا أقدر وتعلم ولاأعلم وأنت علام الغيوب ، اللهم إن كنت تعلم أن هذا الأمر ـ ويسمي حاجته ـ خيرا لي في ديني ومعاشي وعاقبة أمري ـ أو قال عاجله وآجله ـ فأقدره لي ويسره لي ثم بارك لي فيه ، وإن كنت تعلم أن هذا الأمر شر لي في ديني ومعاشي وعاقبة أمري ـ أو قال عاجله وآجله ـ فاصرفه عني واصرفني عنه واقدر لي الخير حيث كان ثم ارضني به).","1"
"أذكار متفرقة","35","سجد وجهي للذي خلقه ،وشق سمعه وبصره بحوله وقوته ( فتبارك الله احسن الخالقين )","","","1"
"أذكار متفرقة","36","اللهم باعد بيني وبين خطاياي كما باعدت بين المشرق والغرب ، اللهم نقني من خطاياي كما ينقى الثوب الأبيض من الدنس، اللهم اغسلني من خطاياي بالثلج والماء والبرد. سبحانك اللهم وبحمدك وتبارك اسمك وتعالى جدُّك ولاإله غيرك. الله اكبر كبيرا ، الله اكبر كبيرا ، الله اكبر كبيرا ، والحمد لله كثيرا ، والحمد لله كثيرا ، والحمد لله كثيرا ، وسبحان الله بكرة وأصيلا(ثلاثـــا) ـ \"اعوذ بالله من الشيطان من نفحه ونفثه وهمزه \".","","","1"
"أذكار متفرقة","37","لا إله إلا الله وحده لا شريك له، له الملك وله الحمد يحيي ويميت وهو حي لا يموت بيده الخير وهو على كل شيء قدير. بسم الله، اللهم إني أسألك خير هذه السوق، وخير ما فيها، وأعوذ بك من شرها وشر ما فيها، اللهم إني أعوذ بك أن أصيب بها يميناً فاجرةً، أو صفقة خاسرة.","","كتب الله له ألف ألف حسنة ومحا عنه ألف ألف سيئة ورفع له ألف الف درجة وفي رواية: وبنى له بيتا في الجنة.","1"
"أذكار متفرقة","38","يتوضأ فيحسن الطهور،ثم يقوم فيصلي ركعتين ، ثم يستغفر الله لذلك الذنب إلاَّ غُفر له","","كما أخبرنا رسول الله صلى الله عليه وسلم ((ما من عبد يذنب ذنباً فيتوضأ فيحسن الطهور،ثم يقوم فيصلي ركعتين ، ثم يستغفر الله لذلك الذنب إلاَّ غُفر له )).","1"
"أذكار متفرقة","39","اللهم إني أسألك من فضلـــك أعوذ بالله من الشيطان الرجيم","صحيح(صحيح سنن أبي داود3/961)","إذا سمعتم صياح الديك[من الليل]،فاسألوا الله من فَضْلِهِ فإنها رأت ملكاً و إذا سمعتم نهيق الحمار،فتعوَّذوا بالله من الشيطان فإنها رأت شَيْطَاناً. إذا سمعتم نُباحَ الكلاب و نهيق الحمير بالليل فتعوذوا بالله فإنهن يَرَيْنَ ما لا ترون","1"
"أذكار متفرقة","40","اللهم أنت ربي لا إله إلا أنت ، خلقتني وأنا عبدك وأنا على عهدك ووعدك ما استطعت أعوذ بك من شر ما صنعت، أبوئ لك بنعمتك على وأبوئ بذنبي ، فاغفر لي فانه لا يغفر الذنوب إلا أنت.","أخرجه البخاري.","عن شداد بن أوس رضي الله عنه عن النبي صلى الله عليه وسلم قال ( سيد الاستغفار أن يقول العبد اللهم أنت ربي لا إله إلا أنت ، خلقتني وأنا عبدك وأنا على عهدك ووعدك ما استطعت أعوذ بك من شر ما صنعت، أبوئ لك بنعمتك على وأبوئ بذنبي ، فاغفر لي فانه لا يغفر الذنوب إلا أنت ) من قالها في النهار موقناً بها فمات من يومه قبل أن يمسي فهو من أهل الجنة ومن قالها من الليل وهو موقناً بها فمات قبل أن يصبح فهو من أهل الجنة","1"
"أذكار متفرقة","41","ضع يدك على الذي تألَّم من جسدك وقل: بسم الله ،ثلاثاً ،وقل سبع مرات: أعوذُ بالله وقُدْرَتِهِ من شَرِّ مَا أَجِدُ واُحَاذِرُ.","","","1"
"أذكار متفرقة","42","مامن عبد يذنب ذنباً فيحسـن الطهور ثم يقوم فيصلي ركعتين ، ثم يستغــفــر الله إلا غفر له","","","1"
"الأدعية القرآنية","1","رَبَّنَا آتِنَا فِي الدُّنْيَا حَسَنَةً وَفِي الآخِرَةِ حَسَنَةً وَقِنَا عَذَابَ النَّارِ","[البقرة - 201]","","01"
"الأدعية القرآنية","2","رَبَّنَا أَفْرِغْ عَلَيْنَا صَبْرًا وَثَبِّتْ أَقْدَامَنَا وَانصُرْنَا عَلَى الْقَوْمِ الْكَافِرِينَ","[البقرة - 250]","","01"
"الأدعية القرآنية","3","رَبَّنَا لاَ تُؤَاخِذْنَا إِن نَّسِينَا أَوْ أَخْطَأْنَا رَبَّنَا وَلاَ تَحْمِلْ عَلَيْنَا إِصْرًا كَمَا حَمَلْتَهُ عَلَى الَّذِينَ مِن قَبْلِنَا رَبَّنَا وَلاَ تُحَمِّلْنَا مَا لاَ طَاقَةَ لَنَا بِهِ وَاعْفُ عَنَّا وَاغْفِرْ لَنَا وَارْحَمْنَا أَنتَ مَوْلاَنَا فَانصُرْنَا عَلَى الْقَوْمِ الْكَافِرِينَ","[البقرة - 286]","","01"
"الأدعية القرآنية","4","رَبَّنَا لاَ تُزِغْ قُلُوبَنَا بَعْدَ إِذْ هَدَيْتَنَا وَهَبْ لَنَا مِن لَّدُنكَ رَحْمَةً إِنَّكَ أَنتَ الْوَهَّابُ","[آل عمران - 8]","","01"
"الأدعية القرآنية","5","رَبَّنَا إِنَّنَا آمَنَّا فَاغْفِرْ لَنَا ذُنُوبَنَا وَقِنَا عَذَابَ النَّارِ","[آل عمران - 16]","","01"
"الأدعية القرآنية","6","رَبِّ هَبْ لِي مِن لَّدُنْكَ ذُرِّيَّةً طَيِّبَةً إِنَّكَ سَمِيعُ الدُّعَاء","[آل عمران - 38]","","01"
"الأدعية القرآنية","7","رَبَّنَا آمَنَّا بِمَا أَنزَلْتَ وَاتَّبَعْنَا الرَّسُولَ فَاكْتُبْنَا مَعَ الشَّاهِدِينَ","[آل عمران - 53]","","01"
"الأدعية القرآنية","8","ربَّنَا اغْفِرْ لَنَا ذُنُوبَنَا وَإِسْرَافَنَا فِي أَمْرِنَا وَثَبِّتْ أَقْدَامَنَا وانصُرْنَا عَلَى الْقَوْمِ الْكَافِرِينَِ","[آل عمران - 147]","","01"
"الأدعية القرآنية","9","رَبَّنَا مَا خَلَقْتَ هَذا بَاطِلاً سُبْحَانَكَ فَقِنَا عَذَابَ النَّارِ رَبَّنَا إِنَّكَ مَن تُدْخِلِ النَّارَ فَقَدْ أَخْزَيْتَهُ وَمَا لِلظَّالِمِينَ مِنْ أَنصَارٍ رَّبَّنَا إِنَّنَا سَمِعْنَا مُنَادِيًا يُنَادِي لِلإِيمَانِ أَنْ آمِنُواْ بِرَبِّكُمْ فَآمَنَّا رَبَّنَا فَاغْفِرْ لَنَا ذُنُوبَنَا وَكَفِّرْ عَنَّا سَيِّئَاتِنَا وَتَوَفَّنَا مَعَ الأبْرَارِ رَبَّنَا وَآتِنَا مَا وَعَدتَّنَا عَلَى رُسُلِكَ وَلاَ تُخْزِنَا يَوْمَ الْقِيَامَةِ إِنَّكَ لاَ تُخْلِفُ الْمِيعَادَ","[آل عمران -  191-194]","","01"
"الأدعية القرآنية","10","رَبَّنَا ظَلَمْنَا أَنفُسَنَا وَإِن لَّمْ تَغْفِرْ لَنَا وَتَرْحَمْنَا لَنَكُونَنَّ مِنَ الْخَاسِرِينَ","[الأعراف - 23]","","01"
"الأدعية القرآنية","11","رَبَّنَا لاَ تَجْعَلْنَا مَعَ الْقَوْمِ الظَّالِمِينَ","[الأعراف - 47]","","01"
"الأدعية القرآنية","12","رَبَّنَا أَفْرِغْ عَلَيْنَا صَبْرًا وَتَوَفَّنَا مُسْلِمِينَ","[الأعراف - 126]","","01"
"الأدعية القرآنية","13","حَسْبِيَ اللّهُ لا إِلَـهَ إِلاَّ هُوَ عَلَيْهِ تَوَكَّلْتُ وَهُوَ رَبُّ الْعَرْشِ الْعَظِيمِ","[التوبة - 129]","","01"
"الأدعية القرآنية","14","رَبَّنَا لاَ تَجْعَلْنَا فِتْنَةً لِّلْقَوْمِ الظَّالِمِينَ وَنَجِّنَا بِرَحْمَتِكَ مِنَ الْقَوْمِ الْكَافِرِينَ","[يونس - 85-86]","","01"
"الأدعية القرآنية","15","رَبِّ إِنِّي أَعُوذُ بِكَ أَنْ أَسْأَلَكَ مَا لَيْسَ لِي بِهِ عِلْمٌ وَإِلاَّ تَغْفِرْ لِي وَتَرْحَمْنِي أَكُن مِّنَ الْخَاسِرِينَ","[هود - 47]","","01"
"الأدعية القرآنية","16","رَبِّ اجْعَلْنِي مُقِيمَ الصَّلاَةِ وَمِن ذُرِّيَّتِي رَبَّنَا وَتَقَبَّلْ دُعَاء","[إبرهيم - 40]","","01"
"الأدعية القرآنية","17","رَبَّنَا اغْفِرْ لِي وَلِوَالِدَيَّ وَلِلْمُؤْمِنِينَ يَوْمَ يَقُومُ الْحِسَابُ","[إبرهيم - 41]","","01"
"الأدعية القرآنية","18","رَّبِّ أَدْخِلْنِي مُدْخَلَ صِدْقٍ وَأَخْرِجْنِي مُخْرَجَ صِدْقٍ وَاجْعَل لِّي مِن لَّدُنكَ سُلْطَانًا نَّصِيرًا","[الإسراء - 80]","","01"
"الأدعية القرآنية","19","رَبَّنَا آتِنَا مِن لَّدُنكَ رَحْمَةً وَهَيِّئْ لَنَا مِنْ أَمْرِنَا رَشَدًا","[الكهف - 10]","","01"
"الأدعية القرآنية","20","رَبِّ اشْرَحْ لِي صَدْرِي وَيَسِّرْ لِي أَمْرِي وَاحْلُلْ عُقْدَةً مِّن لِّسَانِي يَفْقَهُوا قَوْلِي","[طه - 25-28]","","01"
"الأدعية القرآنية","21","رَّبِّ زِدْنِي عِلْمًا","[طه - 114]","","01"
"الأدعية القرآنية","22","لا إِلَهَ إِلا أَنتَ سُبْحَانَكَ إِنِّي كُنتُ مِنَ الظَّالِمِينَ","[الأنبياء - 87]","","01"
"الأدعية القرآنية","23","رَبِّ لَا تَذَرْنِي فَرْدًا وَأَنتَ خَيْرُ الْوَارِثِينَ","[الأنبياء - 89]","","01"
"الأدعية القرآنية","24","رَّبِّ أَعُوذُ بِكَ مِنْ هَمَزَاتِ الشَّيَاطِينِ وَأَعُوذُ بِكَ رَبِّ أَن يَحْضُرُونِ","[المؤمنون - 97-98]","","01"
"الأدعية القرآنية","25","رَبَّنَا آمَنَّا فَاغْفِرْ لَنَا وَارْحَمْنَا وَأَنتَ خَيْرُ الرَّاحِمِينَ","[المؤمنون - 109]","","01"
"الأدعية القرآنية","26","رَّبِّ اغْفِرْ وَارْحَمْ وَأَنتَ خَيْرُ الرَّاحِمِينَ","[المؤمنون - 118]","","01"
"دعاء ختم القرآن الكريم","1","اللَّهُمَّ ارْحَمْنِي بالقُرْءَانِ وَاجْعَلهُ لِي إِمَاماً وَنُوراً وَهُدًى وَرَحْمَةً","","",""
"دعاء ختم القرآن الكريم","2","اللَّهُمَّ ذَكِّرْنِي مِنْهُ مَانَسِيتُ وَعَلِّمْنِي مِنْهُ مَاجَهِلْتُ وَارْزُقْنِي تِلاَوَتَهُ آنَاءَ اللَّيْلِ وَأَطْرَافَ النَّهَارِ وَاجْعَلْهُ لِي حُجَّةً يَارَبَّ العَالَمِينَ","","",""
"دعاء ختم القرآن الكريم","3","اللَّهُمَّ أَصْلِحْ لِي دِينِي الَّذِي هُوَ عِصْمَةُ أَمْرِي، وَأَصْلِحْ لِي دُنْيَايَ الَّتِي فِيهَا مَعَاشِي، وَأَصْلِحْ لِي آخِرَتِي الَّتِي فِيهَا مَعَادِي، وَاجْعَلِ الحَيَاةَ زِيَادَةً لِي فِي كُلِّ خَيْرٍ وَاجْعَلِ المَوْتَ رَاحَةً لِي مِنْ كُلِّ شَرٍّ","","",""
"دعاء ختم القرآن الكريم","4","اللَّهُمَّ اجْعَلْ خَيْرَ عُمْرِي آخِرَهُ وَخَيْرَ عَمَلِي خَوَاتِمَهُ وَخَيْرَ أَيَّامِي يَوْمَ أَلْقَاكَ فِيهِ","","",""
"دعاء ختم القرآن الكريم","5","اللَّهُمَّ إِنِّي أَسْأَلُكَ عِيشَةً هَنِيَّةً وَمِيتَةً سَوِيَّةً وَمَرَدًّا غَيْرَ مُخْزٍ وَلاَ فَاضِحٍ","","",""
"دعاء ختم القرآن الكريم","6","اللَّهُمَّ إِنِّي أَسْأَلُكَ خَيْرَ المَسْأَلةِ وَخَيْرَ الدُّعَاءِ وَخَيْرَ النَّجَاحِ وَخَيْرَ العِلْمِ وَخَيْرَ العَمَلِ وَخَيْرَ الثَّوَابِ وَخَيْرَ الحَيَاةِ وَخيْرَ المَمَاتِ وَثَبِّتْنِي وَثَقِّلْ مَوَازِينِي وَحَقِّقْ إِيمَانِي وَارْفَعْ دَرَجَتِي وَتَقَبَّلْ صَلاَتِي وَاغْفِرْ خَطِيئَاتِي وَأَسْأَلُكَ العُلَا مِنَ الجَنَّةِ","","",""
"دعاء ختم القرآن الكريم","7","اللَّهُمَّ إِنِّي أَسْأَلُكَ مُوجِبَاتِ رَحْمَتِكَ وَعَزَائِمِ مَغْفِرَتِكَ وَالسَّلاَمَةَ مِنْ كُلِّ إِثْمٍ وَالغَنِيمَةَ مِنْ كُلِّ بِرٍّ وَالفَوْزَ بِالجَنَّةِ وَالنَّجَاةَ مِنَ النَّارِ","","",""
"دعاء ختم القرآن الكريم","8","اللَّهُمَّ أَحْسِنْ عَاقِبَتَنَا فِي الأُمُورِ كُلِّهَا، وَأجِرْنَا مِنْ خِزْيِ الدُّنْيَا وَعَذَابِ الآخِرَةِ","","",""
"دعاء ختم القرآن الكريم","9","اللَّهُمَّ اقْسِمْ لَنَا مِنْ خَشْيَتِكَ مَاتَحُولُ بِهِ بَيْنَنَا وَبَيْنَ مَعْصِيَتِكَ وَمِنْ طَاعَتِكَ مَاتُبَلِّغُنَا بِهَا جَنَّتَكَ وَمِنَ اليَقِينِ مَاتُهَوِّنُ بِهِ عَلَيْنَا مَصَائِبَ الدُّنْيَا وَمَتِّعْنَا بِأَسْمَاعِنَا وَأَبْصَارِنَا وَقُوَّتِنَا مَاأَحْيَيْتَنَا وَاجْعَلْهُ الوَارِثَ مِنَّا وَاجْعَلْ ثَأْرَنَا عَلَى مَنْ ظَلَمَنَا وَانْصُرْنَا عَلَى مَنْ عَادَانَا وَلاَ تجْعَلْ مُصِيبَتَنَا فِي دِينِنَا وَلاَ تَجْعَلِ الدُّنْيَا أَكْبَرَ هَمِّنَا وَلَا مَبْلَغَ عِلْمِنَا وَلاَ تُسَلِّطْ عَلَيْنَا مَنْ لَا يَرْحَمُنَا","","",""
"دعاء ختم القرآن الكريم","10","اللَّهُمَّ لَا تَدَعْ لَنَا ذَنْبًا إِلَّا غَفَرْتَهُ وَلَا هَمَّا إِلَّا فَرَّجْتَهُ وَلَا دَيْنًا إِلَّا قَضَيْتَهُ وَلَا حَاجَةً مِنْ حَوَائِجِ الدُّنْيَا وَالآخِرَةِ إِلَّا قَضَيْتَهَا يَاأَرْحَمَ الرَّاحِمِينَ","","",""
"دعاء ختم القرآن الكريم","11","رَبَّنَا آتِنَا فِي الدُّنْيَا حَسَنَةً وَفِي الآخِرَةِ حَسَنَةً وَقِنَا عَذَابَ النَّارِ وَصَلَّى اللهُ عَلَى سَيِّدِنَا وَنَبِيِّنَا مُحَمَّدٍ وَعَلَى آلِهِ وَأَصْحَابِهِ الأَخْيَارِ وَسَلَّمَ تَسْلِيمًا كَثِيراً.","","",""
"أذكار الحج والعمرة","1","سُبْحَانَ اللهِ وَالحَمْدُ للهِ وَالله أَكْبَرُ","","",""
"أذكار الحج والعمرة","2","لَبَّيْكَ اللَّهُمَّ لَبَّيْك، لَبّيْك لا شَرِيكَ لك لَبَّيْك إنَّ الحَمْدَ، والنِّعْمَةَ، لَكَ والمُلْك، لا شريك لك","[البخاري (2/ 170)، ومسلم (1184)]","",""
"أذكار الحج والعمرة","3","اللهُمَّ أَنْتَ السَّلَامُ وَمِنْكَ السَّلَامُ، فَحَيِّنَا رَبَّنَا بِالسَّلَامِ","[أبي شيبة 7/ 102، والبيهقي 5/ 73]","",""
"أذكار الحج والعمرة","4","بِاسْمِ اللهِ وَاللهُ أَكْبَرُ","[الطبراني (862)، (863)، والبيهقي (5/ 79)]","",""
"أذكار الحج والعمرة","5","لَا إِلَهَ إِلَّا اللَّهُ وَاللَّهُ أَكْبَرُ، اللَّهُمَّ تَصْدِيقًا بِكِتَابِكَ، وَسُنَّةِ نَبِيِّكَ صَلَّى اللهُ عَلَيْهِ وَسَلَّمَ","[الطبراني (865)]","",""
"أذكار الحج والعمرة","6","رَبَّنَا آتِنَا فِي الدُّنْيَا حَسَنَةً، وَفِي الْآخِرَةِ حَسَنَةً، وَقِنَا عَذَابَ النَّارِ","[أبو داود 2/179 وأحمد 3/411]","",""
"أذكار الحج والعمرة","7","اللهُمَّ رَبَّنَا آتِنَا فِي الدُّنْيَا حَسَنَةً وَفِي الْآخِرَةِ حَسَنَةً وَقِنَا عَذَابَ النَّارِ","[الطبراني (857)، والبيهقي (5/ 84)]","",""
"أذكار الحج والعمرة","8","لَا إِلَهَ إِلَّا اللَّهُ وَحْدَهُ، لَا شَرِيكَ لَهُ، لَهُ الْمُلْكُ وَلَهُ الْحَمْدُ، بِيَدِهِ الْخَيْرُ، وَهُوَ عَلَى كُلِّ شَيْءٍ قَدِيرٌ","","",""
"أذكار الحج والعمرة","9","اللَّهُمَّ اعْصِمْنِي بِدِينِكَ، وَطَاعَةِ رَسُولِكَ صَلَّى اللهُ عَلَيْهِ وَسَلَّمَ. اللَّهُمَّ جَنِّبْنِي حُدُودَكَ. اللَّهُمَّ اجْعَلْنِي مِمَّنْ يُحِبُّكَ، وَيُحِبُّ مَلَائِكَتَكَ، وَرُسُلَكَ، وَعِبَادَكَ الصَّالِحِينَ اللَّهُمَّ حَبِّبْنِي إِلَيْكَ، وَإِلَى مَلَائِكَتِكَ، وَرُسُلِكَ، وَعِبَادَكَ الصَّالِحِينَ. اللَّهُمَّ آتِنِي مِنْ خَيْرِ مَا تُؤْتِي عِبَادَكَ الصَّالِحِينَ فِي الدُّنْيَا وَالْآخِرَةِ. اللَّهُمَّ يَسِّرْنِي لِلْيُسْرَى، وَجَنِّبْنِي الْعُسْرَى، وَاغْفِرْ.","","",""
"أذكار الحج والعمرة","10","لَا إِلَهَ إِلَّا اللهُ وَحْدَهُ لَا شَرِيكَ لَهُ، لَهُ الْمُلْكُ وَلَهُ الْحَمْدُ وَهُوَ عَلَى كُلِّ شَيْءٍ قَدِيرٌ، لَا إِلَهَ إِلَّا اللهُ، أَنْجَزَ وَعْدَهُ، وَنَصَرَ عَبْدَهُ، وَهَزَمَ الْأَحْزَابَ وَحْدَهُ","[مسلم (1218)، وأحمد (3/ 320، 321)]","",""
"أذكار الحج والعمرة","11","اللَّهُمَّ إِنَّكَ قُلْتَ: {اِدْعُونِي أَسْتَجِبْ لَكُمْ} وَإِنَّكَ لاَ تُخْلِفُ الْمِيعَادَ، وَإِنِّي أَسْأَلُكَ كَمَا هَدَيْتَنِي إِلَى الإِسْلاَمِ أَلاَ تَنْزِعَهُ مِنِّي حَتَّى تَتَوَفَّانِي، وَأَنَا مُسْلِمٌ. اللَّهُمَّ اعْصِمْنَا بِدِينِكَ، وَطَوَاعِيَتِكَ، وَطَوَاعِيَةِ رَسُولِكَ، وَجَنِّبْنَا حُدُودَكَ. اللَّهُمَّ اجْعَلْنَا نُحِبُّكَ، وَنُحِبُّ مَلَائِكَتَكَ، وَأَنْبِيَاءَكَ، وَرُسَلَكَ، وَنُحِبُّ عِبَادَكَ الصَّالِحِينَ. اللَّهُمَّ حَبِّبْنَا إِلَيْكَ وَإِلَى مَلَائِكَتِكَ، وَإِلَى أَنْبِيَائِكَ، وَرُسُلِكَ، وَإِلَى عِبَادِكَ الصَّالِحِينَ. اللَّهُمَّ يَسِّرْنَا لِلْيُسْرَى، وَجَنِّبْنَا وَجَنِّبْنَا الْعُسْرَى، وَاغْفِرْ لَنَا فِي الْآخِرَةِ.","[البيهقي (5/ 94)]","",""
"أذكار الحج والعمرة","12","رَبِّ اغْفِرْ وَارْحَمْ إِنَّكَ أَنْتَ الْأَعَزُّ الْأَكْرَمُ","[الطبراني (870)، والبيهقي (5/ 95)]","",""
"أذكار الحج والعمرة","13","لَا إِلَهَ إِلَّا اللَّهُ وَحْدَهُ لَا شَرِيكَ لَهُ، لَهُ الْمُلْكُ وَلَهُ الْحَمْدُ، وَهُوَ عَلَى كُلِّ شَيْءٍ قَدِيرٌ","[الترمذي (3579)، والطبراني (784)]","",""
"أذكار الحج والعمرة","14","لَا إِلَهَ إِلَّا اللَّهُ وَحْدَهُ لَا شَرِيكَ لَهُ، لَهُ الْمُلْكُ وَلَهُ الْحَمْدُ، وَهُوَ عَلَى كُلِّ شَيْءٍ قَدِيرٌ. اللَّهُمَّ اهْدِنَا بِالْهُدَى، وَزَيِّنَّا بِالتَّقْوَى، وَاغْفِرْ لَنَا فِي الْآخِرَةِ وَالْأُولَى. ثُمَّ يَخْفِضُ صَوْتَهُ، ثُمَّ يَقُولُ: اللَّهُمَّ إِنِّي أَسْأَلُكَ مِنْ فَضْلِكَ وَعَطَائِكَ رِزْقًا طَيِّبًا مُبَارَكًا. اللَّهُمَّ إِنَّكَ أَمَرْتَ بِالدُّعَاءِ، وَقَضَيْتَ عَلَى نَفْسِكَ بِالِاسْتِجَابَةِ، وَأَنْتَ لَا تُخْلِفُ وَعْدَكَ، وَلَا تَكْذِبُ عَهْدَكَ، اللَّهُمَّ مَا أَحْبَبْتَ مِنْ خَيْرٍ فَحَبِّبْهُ إِلَيْنَا، وَيَسِّرْهُ لَنَا، وَمَا كَرِهْتَ مِنْ شَيْءٍ فَكَرِّهْهُ إِلَيْنَا وَجَنِّبْنَاهُ، وَلَا تَنْزِعْ عَنَّا الْإِسْلَامَ بَعْدَ إِذْ أَعْطَيْتَنَا.","","",""
"أذكار الحج والعمرة","15","الله أَكْبَر، الله أَكْبَر، الله أَكْبَر. اللَّهُمَّ اجْعَلْهُ حَجًّا مَبْرُورًا وَذَنْبًا مَغْفُورًا","[الطبراني (881)، والبيهقي (5/ 129)]","",""
"أذكار الحج والعمرة","16","بسم الله , اللهم تقبل من محمد وآل محمد ومن أمة محمد","","",""
"أذكار الحج والعمرة","17","الله أَكْبَر، الله أَكْبَر، الله أَكْبَر. لَا إِلَهَ إِلَّا اللهُ وَحْدَهُ لَا شَرِيكَ لَهُ، لَهُ الْمُلْكُ، وَلَهُ الْحَمْدُ، وَهُوَ عَلَى كُلِّ شَيْءٍ قَدِيرٌ، آيِبُونَ، تَائِبُونَ، عَابِدُونَ، سَاجِدُونَ. اَللّٰهُمَّ اجْعَلْهُ حَجًّا مَبْرُوْرًا وَسَعْيًا مَشْكُوْرًا وَذَنْبًا مَغْفُوْرًا","","",""
"جوامع الدعاء","1","اللَّهُمَّ يَا بَارِئَ البَرِيَّاتِ ، وَغَافِرَ الخَـطِيَّاتِ ، وَعَالِمَ الخَفِيَّاتِ ، المُطَّلِعُ عَلَى الضَّمَائِرِ وَالنِّيَّاتِ ، يَا مَنْ أَحَاطَ بِكُلِّ شَيءٍ عِلْماً ، وَوَسِعَ كُلّ شَيْءٍ رَحْمَةً ، وَقَهَرَ كُلّ مَخْلُوقٍ عِزَّةً وَحُكْماً ، اغْفِرْ لِي ذُنُوبِي ، وَاسْتُرْ عُيُوبِيَ ، وَتَجَاوَزْ عَنْ سَيِّئَاتِيَ إِنَّكَ أَنْتَ الْغَفُورُ الرَّحِيمُ.","","",""
"جوامع الدعاء","2","اللَّهُمَّ يَا سَمِيعَ الدَّعَوَاتِ ، يَا مُقِيلَ العَثَرَاتِ ، يَاقَاضِيَ الحَاجَاتِ ، يَا كَاشِفَ الكَرُبَاتِ ، يَا رَفِيعَ الدَّرَجَاتِ ، وَيَا غَافِرَ الزَّلاَّتِ ، اغْفِرْ لِلْمُسْلِمِينَ وَالمُسْلِمَاتِ ، وَالمُؤْمِنِينَ وَالمُؤْمِنَاتِ، الأحْيَاءِ مِنْهُم وَالأمْوَاتِ ، إِنَّكَ سَمِيعٌ قَرِيبٌ مُجِيبُ الدَّعَوَاتِ.","","",""
"جوامع الدعاء","3","اللَّهُمَّ إِنِّي أَسْأَلُكَ بِاسْمِكَ الأَعْظَمِ ، الَّذِي إِذَا دُعِيتَ بِهِ أَجَبْتَ ، وَإِذَا سُئِلْتَ بِهِ أَعْطَـيْتَ ، أَسْأَلُكَ بِأَنِّي أَشُهَدُ أَنَّكَ أَنْتَ اللهُ لا إِلَهَ إِلاَّ أَنْتَ ، الأَحَدُ الصَّمَدُ ، الَّذِي لَمْ يَلِدْ، وَلَمْ يَولَدْ ، وَلَمْ يَكُنْ لَهُ كُفُوًا أَحَدٌ ؛ أَنْ تَغْفِرَ لِي ذُنُوبِي ، إِنَّكَ أَنْتَ الغَفُورُ الرَّحِيمُ.","","",""
"جوامع الدعاء","4","اللَّهُمَّ إِنَّكَ عَفُوٌّ كَرِيمٌ تُحِبُّ العّفْوَ فَاعْفُ عَنِّي.","","",""
"جوامع الدعاء","5","اللَّهُمَّ رَبِّ اغْفِرْ لِي وَلِوَالِدَيَّ وَلِمَنْ دَخَلَ بَيْتِيَ مُؤْمِنًا وَلِلْمُؤْمِنِينَ وَالمُؤْمِنَاتِ.","","",""
"جوامع الدعاء","6","اللَّهُمَّ اغْفِرْ لِي خَطِيئَتِي وَجَهْلِي ، وَإِسْرَافِي فِي أَمْرِي ، وَمَا أَنْتَ أَعْـلَمُ بِهِ مِنّـِي ، اللَّهُمَّ اغْفِرْ لِي هَزْلِي وَجِدِّي ، وَخَطَئِي وَعَمْدِي ، وَكُلُّ ذَلِكَ عِنْدِي.","","",""
"جوامع الدعاء","7","اللَّهُمَّ رَبِّ إِنِّي ظَلَمْتُ نَفْسِي فَاغْفِرْ لِي.","","",""
"جوامع الدعاء","8","اللَّهُمَّ أَنْتَ رَبِّي لا إِلَهَ إِلاَّ أَنْتَ خَلَقْتَنِي وَأَنَا عَبْدُكَ ، وَأَنَا عَلَى عَهْدِكَ وَوَعْدِكَ مَااسْتَطَعْتُ، أَعُوذُ بِكَ مِنْ شَرِّ مَا صَنَعْتُ أَبُوءُ لَكَ بِنِعْمَتِكَ عَلَيَّ وَأَبُوءُ لَكَ بِذَنْبِي فَاغْفِرْ لِي فَإنَّهُ لا يَغْفِرُ الذُّنُوبَ إِلاَّ أَنْتَ.","","",""
"جوامع الدعاء","9","اللَّهُمَّ اغْفِرْ لِي ، وَارْحَمْنِي وَاهْدِنِي ، وَعَافِنِي وَارْزُقْنِي ، وَاجْبُرْنِي ، وَارْفَعْنِي.","","",""
"جوامع الدعاء","10","اللَّهُمَّ يَا مَنْ لا تَضُرُّهُ الذُّنُوبُ ، وَلا تُنْقِصُهُ المَغْفِرَةُ ، اغْفِرْ لَنَا مَا لا يَضُرُّكَ ، وَهَبْ لَنَا مَالا يُنْقِصُكَ.","","",""
"جوامع الدعاء","11","اللَّهُمَّ اغْفِرْ لِي ذَنْبِي كُلّهُ ، دِقَّهُ وَجُلَّهُ ، وَأَوَّلَهُ وَآخِرَهَ ، وَعَلاَنِيَتَهَ وَسِرَّهُ.","","",""
"جوامع الدعاء","12","اللَّهُمَّ إِنَّ ذُنُوبِي عِظَامٌ وَهِي صِغَارٌ فِي جَنْبِ عَفْوِكَ يَا كَرِيمُ ، فَاغْفِرْهَا لِي.","","",""
"جوامع الدعاء","13","اللَّهُمَّ اغْفِرْ لِي ذَنْبِي ، وَوَسِّعْ لِي فِي دَارِي ، وَبَارِكْ لِي فِي رِزْقِي.","","",""
"جوامع الدعاء","14","اللَّهُمَّ رَبَّنَا لا تُؤَاخِذْنَا إِنْ نَسِينَا أَوْ أَخْطَأْنَا ، رَبَّنَا وَلا تَحْمِلْ عَلَينَا إِصْرَاً كَمَا حَمَلْتَهَ عَلَى الَّذِينَ مِنْ قَبْلِنَا ، رَبَّنَا وَلا تُحَمِّلْنَا مَا لا طَاقَةَ لَنَا بِهِ ، وَاعْفُ عَنَّا وّاغْفِرْ لَنَا وَارْحَمْنَا أَنْتَ مَوْلانَا فَانْصُرْنَا عَلَى القَوْمِ الكَافِرِينَ.","","",""
"جوامع الدعاء","15","اللَّهُمَّ إِنَّا قَدْ أَطَعْنَاكَ فِي أَحَبِّ الأشْيَاءِ إِلَيْكَ أَنْ تُطَاعَ فِيْهِ ، الإيمَانِ بِكَ ، وَالإِقْرَارِ بِكَ ، وَلَمْ نَعْصِكَ فِي أَبْغَضِ الأَشْيَاءِ أَنْ تُعْصَى فِيْهِ ؛ الكُفْرِ وَالجَحْدِ بِكَ ، اللَّهُمَّ فَاغْفِرْ لَنَا مَا بَيْنَهُمَا.","","",""
"جوامع الدعاء","16","اللَّهُمَّ اغْفِرْ لِي مَا قَدَّمْتُ وَمَا أَخَّرْتُ ، وَمَا أَعْلَنْتُ وَمَا أَسْرَرْتُ ، وما أنت أعلم به مني ، أَنْتَ المُقَدِّمُ وَأَنْتَ المُؤَخِّرُ لا إِلَهَ إِلاَّ أَنْـتَ.","","",""
"جوامع الدعاء","17","اللَّهُمَّ رَبَّنَا اغْفِرْ لَنَا ذُنُوبَنَا وَكَفِّرْ عَنَّا سَيِّئَاتِنَا وَتَوَفَّنَا مَعَ الأَبْرَارِ.","","",""
"جوامع الدعاء","18","اللَّهُمَّ رَبَّنَا اغْفِرْ لَنَا وَلإخْوَانِنَا الَّذِينَ سَبَقُونَا بِالإِيْمَانِ ، رَبَّنَا وَسِعْتَ كُلّ شَيءٍ رَحْمَةً وَعِلْماً فَاغْفِرْ لِلَّذِينَ تَابُوا وَاتَّبَعُوا سَبِيلَكَ وَقِهِمْ عَذَاب الجَحِيمِ.","","",""
"جوامع الدعاء","19","اللَّهُمَّ أَقِلْ عَثَرَاتِنَا ، وَاغْفِرْ زَلاَّتِنَا ، وَكَفِّرْ عَنَّا سَيِّئَاتِنَا ، وَتَوَفَّنَا مَعَ الأَبْرَارِ.","","",""
"جوامع الدعاء","20","اللَّهُمَّ بَاعِدْ بَيْنِي وَبَينَ خَطَايَايَ كَمَا بَاعَدْتَ بَيْنَ المَشْرِقِ وَالمَغْرِبْ ، اللَّهُمَّ اغْسِلْنِي مِنْ خَطَايَايَ بِالمَاءِ وَالثَّلْجِ وَالبَرَدِ ، اللَّهُمَّ نَقِّنِي مِنْ الخَطَايَا كَمَا يُنَقَّى الثَّوبُ الأَبْيَضُ مِـنَ الدَّنَسِ.","","",""
"جوامع الدعاء","21","اللَّهُمَّ إِنِّي ظَلَمْتُ نَفْسِي ظلْماً كَثِيراً ، وَلا يَغْفِرُ الذُّنُوب إِلاَّ أَنْتَ. فَاغْفِرْ لِي مَغْفِرَةً مِنْ عِنْدَكَ ، وَارْحَمْنِي إِنَّكَ أَنْتَ الغَفُورُ الرَّحِيمُ.","","",""
"جوامع الدعاء","22","اللَّهُمَّ إِنِّي أَسْأَلُكَ يَا اللهُ بِأَنَّكَ الوَاحِدُ الأَحَدُ ، الصَّمَدُ ، الَّذِي لَمْ يَلِدْ وَلَمْ يُولَدْ وَلَمْ يَكُنْ لَهُ كُفُواً أَحَدٌ ، أَنْ تَغْفِرَ لِي ذُنُـوبِي ، إِنَّكَ أَنْتَ الغَفُورُ الرَّحِيمُ.","","",""
"جوامع الدعاء","23","اللَّهُمَّ إِلَهِي : حُجَّتِي حَاجَتِي ، وَعُدَّتِي فَاقَتِي ، فَارْحَمْنِي.","","",""
"جوامع الدعاء","24","اللَّهُمَّ إِلَهِي : كَيْفَ أمْتَنِعُ بِالذَّنْبِ مِنَ الدُّعَاءِ ، وَلا أَرَاكَ تَمْنَعُ مَعَ الذَّنْبِ مِنَ العَطَاءِ ، فَإِنْ غَفَرْتَ فَخَيرُ رَاحِمٍ أَنْتَ ، وَإِنْ عَذَّبْتَ فَغَيْرُ ظَالِمٍ أَنْتَ.","","",""
"جوامع الدعاء","25","اللَّهُمَّ إِلَهِي: أَسْأَلُكَ تَذَلُّلاً فَأَعْطِنِي تَفَضُّلاً.","","",""
"جوامع الدعاء","26","اللَّهُمَّ يَامَنْ عَلَى العَرْشِ اسْتَوَى ، يَامَنْ خَلَقَ فَسَوَّى وَقدَّرَ فَهَدَى ، وَأَعْطَى كُلّ شَيءٍ خَلْقَهُ ثُمَّ هَدَى ، يَامَنْ أَضْحَكَ وَأَبْكَى، وَأَمَاتَ وَأَحْيَا ، وَأَسْعَدَ وَأَشْقَى ، وَأَوْجَدَ وَأَبْلَى ، وَرَفَعَ وَخَفَضَ ، وَأَعَزَّ وَأَذَلَّ، وَأَعْطَى وَمَنَعَ ، وَرَفَعَ وَوَضَعَ.","","",""
"جوامع الدعاء","27","اللَّهُمَّ يَا مَنْ شَقَّ البِحَارَ ، وَأَجْرَى الأَنْهَارَ ، وَكَوَّرَ النَّهَارَ عَلَى اللَّيلِ وَاللَّيلَ عَلَى النَّهَارِ ، يَا مَنْ هَدَى مِنْ ضَلالَةٍ ، وَأَنْقَذَ مِنْ جَهَالَةٍ ، وَأَنَارَ الأَبْصَارَ ، وَأَحْيَا الضَّمَائِرَ وَالأَفْكَارَ.","","",""
"جوامع الدعاء","28","اللَّهُمَّ اهْدِنَا فِيمَنْ هَدَيْتَ ، وَعَافِنَا فِيمَنْ عَافَيتَ ، وَتَوَلَّنَا فِيمَنْ تَوَلَّيْتَ.","","",""
"جوامع الدعاء","29","اللَّهُمَّ اهْدِنَا الصِّرَاطَ المُسْتَقِيمَ ، صِرَاطَ الَّذِينَ أَنْعَمْتَ عَلَيهِم مِنَ النَّبِيِّينَ وَالصِّدِّيقِينَ وَالشُّهَدَاءِ وَالصَّالِحِينَ.","","",""
"جوامع الدعاء","30","اللَّهُمَّ وَفِّقْنَا لِهُدَاكَ وَاجْعَلْ عَمَلَنَا فِي رِضَاكَ.","","",""
"جوامع الدعاء","31","اللَّهُمَّ أَرِنَا الحَقَّ حقَّاً وَارْزُقْنَا اتِّبَاعَهُ، وَأَرِنَا البَاطِلَ بَاطِلاً وَارْزُقْنَا اجْتِنَابَهُ.","","",""
"جوامع الدعاء","32","اللَّهُمَّ آتِ نَفْسِي تَقْوَاهَا ، وَزَكِّهَا أَنْتَ خَيْرُ مَنْ زَكَّاهَا، أَنْتَ وَلِيُّهَا وَمَوْلاهَا.","","",""
"جوامع الدعاء","33","اللَّهُمَّ رَبَّنَا أَتْمِمْ لَنَا نُورَنَا وَاغْفِرْ لَنَا إِنَّكَ عَلَى كُلّ شَيءٍ قَدِيرٌ.","","",""
"جوامع الدعاء","34","اللَّهُمَّ حَبِّبْ إلَينَا الإيمَانَ وَزَيِّنْهُ فِي قُلُوبِنَا ، وَكَرِّهِ إلَينَا الكُفْرَ وَالفُسُوقَ وَالعِصْيَانِ ، وَاجْعَلْنَا مِنَ الرَّاشِدِينَ.","","",""
"جوامع الدعاء","35","اللَّهُمَّ مُصَرِّفَ القُلُوبِ صَرِّفْ قُلُوبَنَا عَلَى طَاعَتِكَ.","","",""
"جوامع الدعاء","36","اللَّهُمَّ خُذْ بِنَوَاصِينَا لِِلْبِرِّ وَالتَّقْوَى ، وَلِمَا تُحِبُّ مِنَ العَمَلِ وَتَرْضَى.","","",""
"جوامع الدعاء","37","اللَّهُمَّ رَبِّ جِبْرَائِيلَ وَمِيكَائِيلَ ، وَإسْرَافِيلَ ، فَاطِرَ السَّمَاوَاتِ وَالأَرْضَ ، عَالِمَ الغَيْبِ وَالشَّهَادَةِ ، أَنْتَ تَحْكُمُ بَيْنَ عِبَادِكَ فِيمَا كَانُوا فِيْهِ يَخْتَلِفُونَ ، اهْدِنَا لِمَا اخْتُلِفَ فِيْهِ مِنَ الحَقِّ بِإذْنِكَ ، إِنَّكَ تَهْدِي مَنْ تَشَاءُ إِلَى صِرَاطٍ مُسْتَقِيمٍ.","","",""
"جوامع الدعاء","38","اللَّهُمَّ إِنِّي عَبْدُكَ ابْنُ عَبْدِكَ ابْنُ أَمَتِكَ ، نَاصِيَتِي بِيَدِكَ ، مَاضٍ فِيَّ حُكْمُكَ ، عَدْلٌ فِيَّ قَضَاؤكَ ، أَسْأَلُكَ بِكُلِّ اسْمٍ هُوَ لَكَ ، سَمَّيتَ بِهِ نَفْسَكَ ، أَوْ أَنْزَلْتَهُ فِي كِتَابِكَ ، أَوْ عَلَّمْتَهُ أَحَداً مِنْ خَلْقِكَ ، أَوْ اسْتَأْثَرْتَ بِهِ فِي عِلْمِ الغَيبِ عِنْدَكَ ، أَنْ تَجْعَلَ القُرْآنَ رَبِيعَ قَلْبِي ، وَنُورَ صَدْرِي ، وَجَلاءَ حَزَنِي ، وَذَهَابَ هَمِّي.","","",""
"جوامع الدعاء","39","اللَّهُمَّ اجْعَلْ فِي قَلْبِي نُوراً ، وَفِي سَمْعِي نُوراً ، وَفِي بَصَرِي نُوراً ، وَعَنْ يَمِينِي نُوراً ، وَعَنْ شِمَالِي نُوراً ، وَمِنْ بَيْنِ يَدَيَّ نُوراً ، وَمِنْ خَلْفِي نُوراً ، وَمِنْ فَوقِي نُوراً ، وَمِنْ تَحْتِي نُوراً ، وَاجْعَلْ لِي نُوراً ، وَأَعْظِمْ لِي نُوراً.","","",""
"جوامع الدعاء","40","اللَّهُمَّ أَغْنِنِي بِالعِلْمِ ، وَزَيِّنِّي بِالحِلْمِ ، وَأَكْرِمْنِي بِالتَّقْوَى ، وَجَمِّلْنِي بِالعَافِيَةِ.","","",""
"جوامع الدعاء","41","اللَّهُمَّ إِنِّي أَسْأَلُكَ عِلْمَ الخَائِفِينَ مِنْكَ ، وَخَوفَ العَالِمِينَ بِكَ ، وَيَقِينَ المُتَوَكِّلِينَ عَلَـيْكَ ، وَتَوَكُّلَ المُوقِنِينَ بِكَ ، وَإِنَابَةَ المُخْبِتِينَ إِلَيْكَ ، وَإِخْبَاتَ المُنِيبينَ إِلَيْكَ ، وَشُكْرَ الصَّابِرِينَ لَكَ ، وَصَبْرَ الشَّاكِـرِينَ لَكَ ، وَلَحَاقاً بِالأَحْيَاءِ المَرْزُوقِينَ عِنْدَكَ.","","",""
"جوامع الدعاء","42","اللَّهُمَّ اهْدِنِي وَسَدِّدْنِي ، اللَّهُمَّ إِنِّي أَسْأَلُكَ الهُدَى وَالسَّدَادَ.","","",""
"جوامع الدعاء","43","اللَّهُمَّ أَلْهِمْنِي رُشْدِي ، وَأَعِذْنِي مِنْ شَرِّ نَفْسِي.","","",""
"جوامع الدعاء","44","اللَّهُمَّ انْفَعْنِي بِمَا عَلَّمْتَنِي ، وَعَلِّمْنِي مَا يَنْفَعُنِي ، وَزِدْنِي عِلْماً.","","",""
"جوامع الدعاء","45","اللَّهُمَّ إِنِّي أَسْأَلُكَ عِلْماً نَافِعاً ، وَأَعُوذُ بِكَ مِنْ عِلْمٍ لا يَنْفَعُ.","","",""
"جوامع الدعاء","46","اللَّهُمَّ ثَبِّتْنِي وَاجْعَلْنِي هَادِياً مَهْدِيّاً.","","",""
"جوامع الدعاء","47","اللَّهُمَّ لَكَ أَسْلَمْتُ ، وَبِكَ آمَنْتُ ، وَعَلَيكَ تَوَكَّلْتُ ، وَإِلَيكَ أَنَبْتُ ، وَبِكَ خَاصَمْتُ، أَعُوذُ بِعِزَّتِكَ ، لا إِلَهَ إِلاَّ أَنْتَ ، أَنْ تُضِلَّنِي ، أَنْتَ الحَيُّ الَّذِي لا يَمُوتُ ، وَالجِنُّ وَالإنْسُ يَمُوتُونَ.","","",""
"جوامع الدعاء","48","اللَّهُمَّ اهْدِنِي لأَحْسَنِ الأَخْلاَقِ لا يَهْدِي لأَحْسَنِهَا إِلاَّ أَنْتَ ، وَاصْرِفْ عَنِّي سَيِّئَها لا يَصْرِفُ عَنِّي سَيِّئَهَا إِلاَّ أَنْتَ.","","",""
"جوامع الدعاء","49","اللَّهُمَّ كَمَا أَحْسَنْتَ خَلْقِي فَأَحْسِنْ خُلُقِي.","","",""
"جوامع الدعاء","50","اللَّهُمَّ فَالِقَ الحَبِّ وَالنَّوَى ، وَمُخْرِجَ الحَيِّ مِنَ المَيِّتِ وَمُخْرِجَ المَيِّتِ مِنَ الحَيِّ ، فَالِقَ الإِصْبَاحِ ، وَجَاعِلَ اللَّيلِ سَكَناً ، وَالشَّمْسَ والقَمَرَ حُسْبَاناً ، يَا مَنْ جَعَلَ لَنَا النُّجُومَ لِنَهْتَدِيَ بِهَا فِي ظُلُمَاتِ الْبَرِّ وَالبَحْرِ.","","",""
"جوامع الدعاء","51","اللَّهُمَّ جَلَّتْ قُدْرَتُكَ ، وَتَعَالَتْ حِكْمَتُكَ ، وَتَبَارَكَ اسْمُكَ ، وَتَعَالَى جَدُّكَ ، وَلا إِلَهَ غَيْرُكَ.","","",""
"جوامع الدعاء","52","اللَّهُمَّ إِنِّي أَسْأَلُكَ بِأَنَّ لَكَ الحَمْدَ ، لا إِلَهَ إِلاَّ أَنْتَ ، المَنَّانُ ، بَدِيعُ السَّمَاوَات وَالأَرْضِ، ذُو الجَلالِ وَالإِكْرَامِ ، يَا حَيُّ يَا قَيُّومُ.","","",""
"جوامع الدعاء","53","اللَّهُمَّ ارْزُقْنَا رِزْقًا يَزِيدُنَا لَكَ شُكْراً ، وَإِلَيكَ فَاقَةً وَفَقْراً ، وَبِكَ عَمَّنْ سِوَاكَ غِنىً.","","",""
"جوامع الدعاء","54","اللَّهُمَّ اجْعَلْ أَوْسَعَ رِزْقِكَ عَلَيَّ عِنْدَ كِبَرِ سِنِّي ، وَانْقِطَاعِ عُمُرِي.","","",""
"جوامع الدعاء","55","اللَّهُمَّ إِنِّي أَسْأَلُكَ مِنْ فَضْلِكَ وَرَحْمَتِكَ فَإِنَّهُ لا يَمْلِكُهَا إِلاَّ أَنْتَ.","","",""
"جوامع الدعاء","56","اللَّهُمَّ رَبِّ لا تَذَرْنِي فَرْداً وَأَنْتَ خَيْرُ الْوَارِثِينَ.","","",""
"جوامع الدعاء","57","اللَّهُمَّ رَبِّ هَبْ لِيْ مِنَ الصَّالِحِينَ.","","",""
"جوامع الدعاء","58","اللَّهُمَّ قَنِّعْنِي بِمَا رَزَقْتَنِي ، وَبَارِكْ لِي فِيْهِ ، وَاخْلُفْ عَلَيَّ كُلّ غَائِبَةٍ لِي مِنْكَ بِخَيرٍ.","","",""
"جوامع الدعاء","59","اللَّهُمَّ رَبَّنَا هَبْ لَنَا مِنْ أَزْوَاجِنَا وَذُرِّيَّاتِنَا قُرَّة أَعْيُنٍ وَاجْعَلْنَا لِلْمُتَّقِينَ إِمَاماً.","","",""
"جوامع الدعاء","60","اللَّهُمَّ يَا مَنْ تُسَبِّحُ لَهُ السَّمَاوَاتُ بِنُجُومِهَا وَأَبْرَاجِهَا ، وَالأَرْضُ بِسُهُولِـــهَا وَفِجَاجِهَا ، وَالبِحَارُ بِأَحْيَائِهَا وَأَمْوَاجِهَا ، وَالجِبَالُ بِقِمَمِهَا وَأَوْتَادِهَا ، وَالأَشْجَارُ بِفُرُوعِهَا وَثِمَارِهَا ، وَالسِّبَاعُ فِي فَلَوَاتِهَا ، وَالطَّيْرُ فِي وَكَنَاتِهَا ، يَا مَنْ تُسَبِّحُ لَهُ الذَّرَّاتُ عَلَى صِغََرِهَا ، وَالمَجَرَّاتُ عَلَى كِبَرِهَـا ، يَا مَنْ تُسَبِّحُ لَهُ السَّمَاوَاتُ السَّبْعُ وَالأَرْضُ وَمَنْ فِيهِنَّ ، وِإنْ مِنْ شَيءٍ إِلاَّ يُسَبِّحُ بِحَمْدِه.","","",""
"جوامع الدعاء","61","اللَّهُمَّ يَا مَنْ خَلَقَ الأَرْضَ وَالسَّمَاوَاتِ العُلَى ، يَا رَحْمَاناً عَلَى العَرْشِ اسْتَوَى ، يَا مَنْ لَهُ مَا فِي السَّمَاوَات وَمَا فِي الأَرْضِ وَمَا بَيْنَهُمَا ، وَمَا تَحْتَ الثَّرَى ، يَا مَنْ يَعْلَمُ السِّرَ وَأَخْفَى، يَا مَنْ لَهُ الأَسْمَاءُ الحُسْنَى ، يَا مَنْ مَعَ عِبَادِهِ يَسْمَعُ وَيَرَى ، يَا مَنْ أَعْطَى كُلّ شَيءٍ خَلْقَهُ ثُمَّ هَدَى.","","",""
"جوامع الدعاء","62","اللَّهُمَّ أَنْتَ البَادِئُ بِالإِحْسَانِ مِنْ قَبْلِ تَوَجُّهِ العَابِدِينَ ، وَأَنْتَ البَادِئُ بِالعَطَايَا قَبْلَ طَلَبِ الطَّالِبِينَ وَأَنْتَ الوَهَّابُ.","","",""
"جوامع الدعاء","63","اللَّهُمَّ إِنِّي أَسْأَلُكَ الجَنَّة وَمَا قَرَّبَ إِلَيْهَا مِنْ قَوْلٍ وَعَمَلٍ ، وَأَعُوذُ بِكَ مَنَ النَّارِ وَمَا قَرَّبَ إِلَيْهَا مِنْ قَوْلٍ وَعَمَلٍ.","","",""
"جوامع الدعاء","64","اللَّهُمَّ رَبِّ ابْنِ لِي عِنْدَكَ بَيْتاً فِي الجَنَّةِ.","","",""
"جوامع الدعاء","65","اللَّهُمَّ إِنِّي أَسْأَلُكَ رِضَاكَ وَالجَنَّةَ ، وَأَعُوذُ بِكَ مِنْ سَخَطِكَ وَالنَّارِ.","","",""
"جوامع الدعاء","66","اللَّهُمَّ أَحْسِنْ عَاقِبَتِنَا فِي الأُمُورِ كُلِّهَا ، وَأَجِرْنَا مِنْ خِزْيِ الدُّنْيَا وَعَذَابِ الآخِرَةِ.","","",""
"جوامع الدعاء","67","اللَّهُمَّ رَبَّنَا اصْرِفْ عَنَّا عَذَاب جَهَنَّم إِنَّ عَذَابَهَا كَانَ غَرَاماً.","","",""
"جوامع الدعاء","68","اللَّهُمَّ رَبَّنَا إِنَّنَا آمَنَّا فَاغْفِرْ لَنَا ذُنُوبَنَا وَقِنَا عَذَاب النَّارِ.","","",""
"جوامع الدعاء","69","اللَّهُمَّ إِنِّي أَسْأَلُكَ الجَنَّةَ ، وَأسْتَجِيرُ بِكَ مِنَ النَّارِ.","","",""
"جوامع الدعاء","70","اللَّهُمَّ رَبَّنَا وَآتِنَا مَا وَعَدْتَنَا عَلَى رُسِلِكَ وَلا تُخْزِنَا يَومَ القِيامَة إِنَّكَ لا تُخْلِفُ المِيعَادِ.","","",""
"جوامع الدعاء","71","اللَّهُمَّ حَاسِبْنِي حِسَاباً يَسِيراً.","","",""
"جوامع الدعاء","72","اللَّهُمَّ إِنَّا نَعُوذُ بِكَ أَنْ نُشْرِكَ بِكَ شَيْئاً نَعْلَمُهُ ، وَنَسْتَغْفِرُكَ لِمَا لا نَعْلَمُهُ.","","",""
"جوامع الدعاء","73","اللَّهُمَّ إنِّيْ أعُوذُ بِكَ مِنْ جَهْدِ البَلاء ، ودَرَكِ الشّــَقَاء ، وســوء القضاء ، وشَمَاتَة الأعْدَاء ، يَا سَمِيْع الدُّعَاء.","","",""
"جوامع الدعاء","74","اللَّهُمَّ إِنِّي أَعُوذُ بِكَ مِنْ عَذَابِ جَهَنَّمَ ، وَمِنْ عَذَابِ القَبْرِ ، وَمِنْ فِتْنَةِ المَحْيَا وَالمَمَـاتِ ، وَمِنْ فِتْنَةِ المَسِيحِ الدَّجَّالِ ، وَأَعُوذُ بِكَ مِنَ المَأْثَمِ وَالمَغْرَمِ.","","",""
"جوامع الدعاء","75","اللَّهُمَّ إِنِّي أَعُوذُ بِكَ مِنْ فِتْنَةِ النَّارِ وَعَذَابِ النَّارِ ، وَفِتْنَةِ القَبْرِ ، وَعَذَابِ القَبْرِ ، وَشَرِّ فِتْنَةِ الغِنَى ، وَشَرِّ فِتْنَةِ الفَقْرِ ، اللَّهُمَّ إِنِّي أَعُوذُ بِكَ مِنْ شَرِّ فِتْنَةِ المَسِيحِ الدَّجَّالِ.","","",""
"جوامع الدعاء","76","اللَّهُمَّ اغْسِلْ قَلْبِي بِمَاءِ الثَّلْجِ وَالْبَرَدِ ، وَنَقِّ قَلْبِيَ مِنْ الخَطَايَا كَمَا نَقَّيْتَ الثَّوْبَ الأَبْيَضَ مِنَ الدَّنَسِ ، وَبَاعِدْ بَيْنِي وَبيْنَ خَطَايَايَ كَمَا بَاعَدْتَ بَيْنَ المَشْرِقِ وَالمَغْرِبِ.","","",""
"جوامع الدعاء","77","اللَّهُمَّ إِنِّي أَعُوذُ بِكَ مِنَ الكَسَلِ وَالمَأْثَمِ وَالمَغْرَمِ.","","",""
"جوامع الدعاء","78","اللَّهُمَّ رَبِّ جِبْرَائِيلَ ، وَمِيكَائِيلَ ، وَرَبِّ إِسْرَافِيلَ ، أَعُوذُ بِكَ مِنْ حَرِّ النَّارِ وَمِنْ عَذَابِ القَبْرِ.","","",""
"جوامع الدعاء","79","اللَّهُمَّ إِنِّي أَعُوذُ بِكَ مِنْ جَارِ السُّوءِ فِي دَارِ المُقَامَةِ ، فَإِنَّ جَارَ البَادِيَةِ يَتَحَوَّلُ.","","",""
"جوامع الدعاء","80","اللَّهُمَّ إِنِّي أَعُوذُ بِكَ مِنَ العَجْزِ وَالكَسَلِ ، وَالجُبْنِ وَالبُخْلِ ، وَالهَرَمِ وَالقَسْوَةِ ، وَالغَفْلَةِ وَالعَيْلَةِ وَالذِّلَّةِ ، وَالمَسْكَنَةِ ، وَأَعُوذُ بِكَ مِنَ الفَقْرِ وَالكُفْرِ ، وَالفُسُوقِ وَالشِّقَاقِ وَالنِّفَاقِ، وَالسُّمْعَةِ وَالرِّيَاءِ ، وَأَعُوذُ بِكَ مِنَ الصَّمَمِ وَالبَكَمِ ، وَالجُنُونِ ، وَالجِذَامِ ، وَالبَرَصِ ، وَسَيِّئِ الأَسْقَامِ.","","",""
"جوامع الدعاء","81","اللَّهُمَّ إِنِّي أَعُوذُ بِكَ مِنَ العَجْزِ وَالكَسَلِ ، وَالجُبْنِ ، وَالبُخْلِ ، وَالهَرَمِ ، وَعَذَابِ القَبْرِ، اللَّهُمَّ آتِ نَفْسِي تَقْوَاهَا ، وَزَكِّهَا أَنْتَ خَيْرُ مَنْ زَكَّاهَا ، أَنْتَ وَلِيُّهَا وَمَوْلاَهَا.","","",""
"جوامع الدعاء","82","اللَّهُمَّ إِنِّي أَعُوذُ بِكَ مِنْ عِلْمٍ لا يَنْفَعُ ، وَمِنْ قَلْبٍ لا يَخْشَعُ ، وَمِنْ نَفْسٍ لا تَشْبَعُ ، وَمِنْ دَعْوَةٍ لا يُسْتَجَابُ لَهَا.","","",""
"جوامع الدعاء","83","اللَّهُمَّ إِنِّي أَعُوذُ بِكَ مِنْ مُنْكَرَاتِ الأَخْلاَقِ وَالأَعْمَالِ وَالأَهْوَاءِ وَالأَدْوَاءِ.","","",""
"جوامع الدعاء","84","اللَّهُمَّ إِنِّي أَعُوذُ بِكَ أَنْ تُحَسِّنَ فِي لَوَائِحِ العُيُونِ عَلانِيَتِي ، وَتُقَبِّحَ فِي خَفِيَّاتِ العُيُونِ سَرِيرَتِي ، اللَّهُمَّ كَمَا أَسَأْتُ وَأَحْسَنْتَ إِلَيَّ ، فَإِذَا عُدْتُ فُعُدْ عَلَيَّ.","","",""
"جوامع الدعاء","85","اللَّهُمَّ إِنِّي أَعُوذُ بِكَ مِنْ شَرِّ سَمْـعِي ، وَمِنْ شَرِّ بَصَــرِي ، وَمِنْ شَــرِّ لِسَـانِيْ ، وَمِنْ شَرِّ قَـلْـبِي ، ومن شـرِّ مَنِيِّي.","","",""
"جوامع الدعاء","86","اللَّهُمَّ إِنِّي أَعُوذُ بِكَ أَنْ أَقُولَ زُوراً ، أَوْ أَغْشَى فُجُوراً ، أَوْ أَكُونَ بِكَ مَغْرُوراً.","","",""
"جوامع الدعاء","87","اللَّهُمَّ إِنِّي أَعُوذُ بِكَ مِنَ الشِّقَاقِ وَالنِّفَاقِ ، وَسُوءِ الأخْلاقِ.","","",""
"جوامع الدعاء","88","اللَّهُمَّ إِنِّي أَعُوذُ بِرِضَاكَ مِنْ سَخَطِكَ ، وَبِمُعَافَاتِكَ مِنْ عُقُوبَتِكَ ، وَبِكَ مِنْكَ ، لا أُحْصِى ثَنَاءً عَلَيْكَ ، أَنْتَ كَمَا أَثْنَيْتَ عَلَى نَفْسِكَ.","","",""
"جوامع الدعاء","89","اللَّهُمَّ رَبَّ السَّمَاوَاتِ السَّبْعِ وَرَبَّ الأَرْضِ ، وَرَبَّ العَرْشِ العَظِيمِ ، رَبَّنَا وَرَبَّ كُلّ شَيءٍ ، فَالِقَ الحَبِّ وَالنَّوَى ، وَمُنَزِّلَ التَّوْرَاةَ وَالإنْجِيلَ وَالفُرْقَانَ ، أَعُوذُ بِكَ مِنْ شَرِّ كُلّ شَيءٍ أَنْتَ آخِذٌ بِنَاصِيَتِهِ ، اللَّهُمَّ أَنْتَ الأَوَّلُ فَلَيسَ قَبْلَكَ شَيءٌ ، وَأَنْتَ الآخِرُ فَلَيسَ بَعْدَكَ شَيءٌ ، وَأَنْتَ الظَّاهِرُ فَلَيسَ فَوْقَكَ شَيءٌ ، اقْضِ عَنَّا الدَّيْنَ وَأَغْنِنَا مِنَ الفَقْرِ.","","",""
"جوامع الدعاء","90","اللَّهُمَّ إِنِّي أَعُوذُ بِكَ مِنْ غَلَبَةِ الدَّيْنِ ، وَغَلَبَةِ العَدُوِّ ، وَشَمَاتَةِ الأَعْدَاءِ.","","",""
"جوامع الدعاء","91","اللَّهُمَّ إِنِّي أَعُوذُ بِكَ مِنَ الفَقْرِ وَالقِلَّةِ وَالذِّلَّةِ ، وَأَعُوذُ بِكَ مِنْ أَنْ أَظْلِمَ أَوْ أُظْلَمَ.","","",""
"جوامع الدعاء","92","اللَّهُمَّ إِنِّي أَعُوذُ بِكَ مِنْ شَرِّ فِتْنَةِ الغِنَى ، وَمِنْ شَرِّ فِتْنَةِ الفَقْرِ.","","",""
"جوامع الدعاء","93","اللَّهُمَّ إِنِّي أَعُوذُ بِكَ مِنْ زَوَالِ نِعْمَتِكَ ، وَتَحَوُّلِ عَافِيَتِكَ ، وَفُجَاءَةِ نِقْمَتِكَ ، وَجَمِيعِ سَخَطِكَ.","","",""
"جوامع الدعاء","94","اللَّهُمَّ إِنِّي أَعُوذُ بِكَ مِنْ يَوْمِ السُّوءِ ، وَمِنْ لَيْلَةِ السُّوءِ ، وَمِنْ سَاعَةِ السُّوءِ ، وَمِنْ صَاحِبِ السُّوءِ ، وَمِنْ جَارِ السُّوءِ ، فِي دَارِ المُقَامَةِ.","","",""
"جوامع الدعاء","95","اللَّهُمَّ إِنِّي أَعُوذُ بِكَ مِنْ قَلْبٍ لا يَخْشَعُ ، وَمِنْ دُعَاءٍ لا يُسْمَعُ ، وَمِنْ نَفْسٍ لا تَشْبَعُ ، وَمِنْ عِلْمٍ لا يَنْفَعُ ، أَعُوذُ بِكَ مِنْ هَؤُلاَءِ الأَرْبَعِ.","","",""
"جوامع الدعاء","96","اللَّهُمَّ إِنِّي أَعُوذُ بِكَ مِنَ التَّـرَدِّي ، وَالهَدْمِ ، وَالغَرَقِ ، وَالحَرْقِ وَأَعُوذُ بِكَ أَنْ يَتَخَبَّطَنِي الشَّيطَانُ عِنْدَ المَوْتِ ، وَأَعُوذُ بِكَ مِنْ أَنْ أَمُوتَ فِي سَبِيلِكَ مُدْبِراً ، وَأَعُوذُ بِكَ أَنْ أَمُوتَ لَدِيغاً.","","",""
"جوامع الدعاء","97","اللَّهُمَّ رَبِّ أَعُوذُ بِكَ مِنْ هَمَزَاتِ الشَّيَاطِينِ ، وَأَعُوذُ بِكَ ربِّ أَنْ يَحْضُرُونَ.","","",""
"جوامع الدعاء","98","اللَّهُمَّ إِنِّي أَعُوذُ بِكَ مِنْ شَرِّ الأَشْرَارِ ، وَمِنْ كَيْدِ الفُجَّارِ ، ومِنْ طَوَارِقِ اللَّيْلِ والنَّهَارِ إلاَّ طَارِقَاً يَطْرُقُ بِخَيْرٍ يَا رَحْمَنْ.","","",""
"جوامع الدعاء","99","اللَّهُمَّ رَبِّ أَعُوذُ بِكَ مِنْ أَعْيُنِ العَائِنِينَ ، وَمِنْ سِحْرِ السَّاحِرِينَ ، وَمِنْ شَرِّ كُلِّ ذِي شَرِّ.","","",""
"جوامع الدعاء","100","اللَّهُمَّ إِنِّي أَعُوذُ بِكَ مِنَ الجُوعِ ، فَإِنَّهُ بِئْسَ الضَّجِيعُ ، وَأَعُوذُ بِكَ مِنْ الخِيَانَةِ ، فَإنَّهَا بِئْسَتِ البِطَانَةُ.","","",""
"جوامع الدعاء","101","اللَّهُمَّ إِنِّي أَعُوذُ بِكَ مِنْ عُقُوقِ الأَبْنَاءِ ، وَمِنْ قَطِيعَةِ الأَقْرِبَاءِ ، وَمِنْ جَفْوَةِ الأَحْيَاءِ ، وَمِنْ تَغَيُّرِ الأَصْدِقَاءِ ، وَمِنْ شَمَاتَةِ الأَعْدَاءِ.","","",""
"جوامع الدعاء","102","اللَّهُمَّ إِنِّي أَعُوذُ بِكَ مِنْ أنْ أَزِلَّ أَوْ أُزَلَّ ، أَوْ أَضِلَّ أَوْ أُضَلَّ ، أَوْ أَظْلِمَ أَوْ أُظْلَمَ ، أَوْ أَجْهَلَ أَوْ يُجْهَلَ عَلَيَّ.","","",""
"جوامع الدعاء","103","اللَّهُمَّ إِنَّا نَسْتَعِينُكَ وَنَسْتَهْدِيكَ، وَنَسْتَغْفِرُكَ وَنَتُوبُ إِلَيْكَ وَنُؤمِنُ بِكَ ، وَنَتَوَكَّلُ عَلَيْكَ ، وَنُثْنِي عَلَيْكَ الخَيْرَ كُلّهُ ، نَشْكُرُكَ وَلا نَكْفُرُكَ ، وَنَخْلَعُ وَنَتْرُكُ مَنْ يَفْجُرُكَ ، اللَّهُمَّ إِيَّاكَ نَعْبُدُ ، وَلَكَ نُصَلِّي وَنَسْجُدُ ، وَإِلَيكَ نَسْعَى وَنَحْفِدُ ، نَرْجُو رَحْمَتَكَ ، وَنَخْشَى عَذَابَكَ ، إِنَّ عَذَابَكَ الجِدَّ بِالكُفَّارِ مُلْحِقٌ.","","",""
"جوامع الدعاء","104","اللَّهُمَّ رَبَّنَا أَعِزَّنَا بِالإِسْلامِ ، وَأَعِزَّ بِنَا الإسْلامَ ، اللَّهُمَّ أَعْلِ بِنَا كَلِمَةَ الإسْلاَمِ ، وَارْفَعْ بِنَا رَايَةَ القُرْآنِ.","","",""
"جوامع الدعاء","105","اللَّهُمَّ مُنْزِلَ الكِتَابِ ، وَمُجْرِيَ السَّحَابِ وَهَازِمَ الأَحْزَابِ ، عَالِمَ الغَيْبِ وَالشَّهَادَةِ أَسْأَلُكَ بِاسْمِكَ الأَعْظَمِ الَّذِي إِذَا دُعِيتَ بِهِ أَجَبْتَ وَإِذَا سُئِلْتَ بِهِ أَعْطَيْتَ.","","",""
"جوامع الدعاء","106","اللَّهُمَّ يَاحَيُّ يَا قَيُّومُ ، يَاحَيُّ يَاقَيُّومُ ، يَاحَيُّ يَا قَيُّومُ ، اللَّهُمَّ أَظِلَّنِي فِيْ ظِلِّ عَرْشِكَ يَوْمَ لا ظِلَّ إِلاَّ ظِلُّكَ.","","",""
"جوامع الدعاء","107","اللَّهُمَّ أَظْهِرْ دِينَكَ عَلَى الدِّينِ كُلِّهُ وَلَوْ كَرِهَ المُشْرِكُونَ.","","",""
"جوامع الدعاء","108","اللَّهُمَّ يَا مَنْ يُجِيبُ المُضْطَرَّ إِذَا دَعَاهُ ، وَيَكْشِفُ السُّوءَ ، اكْشِفِ السُّوءَ عَنْ إِخْوَانِنَا الأُسَارَى وَالمَسْجُونِينَ وَالمُعْتَقَلِينَ ، اللَّهُمَّ افْكُكْ بِقُوَّتِكَ أَسْرَهُمْ ، وَاجْبُرْ بِرَحْمَتِكَ كَسْرَهُمْ ، وَتَوَلَّ بِعِنَايَتِكَ أَمْرَهُمْ ، وَرُدَّهُمْ إِلَى أَهْلِيهِمْ سَالِمِينَ غَانِمِينَ.","","",""
"جوامع الدعاء","109","اللَّهُمَّ كُنْ لِلْمُسْلِمينَ وَالمُسْتَضْعَفِينَ فِي كُلَّ مَكَانٍ ؛ فَرِّجْ هَمَّهُم ، وَنَفِّسْ كَرْبَهُم ، وَأَقِلْ عَثْرَتَهُم وَتَوَلَّ بِنَفْسِكَ أَمْرَهُم.","","",""
"جوامع الدعاء","110","اللَّهُمَّ ارْفَعْ رَايَتَهُم ، وَاكْبِتْ عَدُوَّهُمْ.","","",""
"جوامع الدعاء","111","اللَّهُمَّ وَحِّدْ صَفَّهُم ، وَاجْمَعْ كَلِمَتَهُم ، وَرُدَّهُم إِلَيْكَ رَدَّاً جَمِيلاً.","","",""
"جوامع الدعاء","112","اللَّهُمَّ لا أَبَرَّ بِهِم مِنْكَ ، وَلا أَرْحَمَ بِهِم مِنْكَ، وَلا أَرْأَفَ بِهِم مِنْكَ.. اللَّهُمَّ هُمْ مِنْكَ وَإِلَيكَ.. اللَّهُمَّ فَاجْعَلِ الدَّائِرَةَ لَهُم لا عَلَيهِم وَالنَّصْرَ حَلِيفَهُمْ.. يَا رَبِّ.","","",""
"جوامع الدعاء","113","اللَّهُمَّ يَا خَيْرَ مَنْ سُئِلَ ، وَأَجْوَدَ مَنْ أَعْطَى ، وَأَكْرَمَ مَنْ عَفَا ، وَأَعْظَمَ مَنْ غَفَرَ ، وَأَعْدَلَ مَنْ حَكَمَ ، وَأَصْدَقَ مَنْ حَدَّثَ ، وَأَوْفَى مَنْ وَعَدَ ، وَأَبْصَرَ مَنْ رَاقَبَ ، وَأَسْرَعَ مَنْ حَاسَبَ ، وَأَرْحَمَ مَنْ عَاقَبَ ، وَأَحْسَنَ مَنْ خَلَقَ ، وَأَحْكَمَ مَنْ شَرَعَ ، وَأَحَقَّ مَنْ عُبِدَ ، وَأَوْلَى مَنْ دُعِيَ ، وَأَبَرَّ مَنْ أَجَابَ.","","",""
"جوامع الدعاء","114","اللَّهُمَّ إِنِّي أَسْأَلُكَ خَيْرَ المَسْأَلَةِ ، وَخَيرَ الدُّعَاءِ ، وَخَيرَ النَّجَاحِ ، وَخَيرَ العَمَلِ ، وَخَيرَ الثَّوَابِ ، وَخَيرَ الحَيَاةِ ، وَخَيرَ المَمَاتِ ، وَثَبِّتْنِي ، وَثَقِّلْ مَوَازِينِي ، وَحَقِّقْ إِيمَانِي ، وَارْفَعْ دَرَجَاتِي ، وَتَقَبَّلْ صَلاَتِي ، وَاغْفِرْ خَطِيئَتِي ، وَأَسْأَلُكَ الدَّرَجَاتِ العُلَى مِنَ الجَنَّةِ.","","",""
"جوامع الدعاء","115","اللَّهُمَّ إِنِّي أَسْأَلُكَ فَوَاتِحَ الخَيرِ ، وَخَوَاتِـمَهُ ، وَجَوَامِعَهُ ، وَأَوَّلَهُ ، وَظَاهِرَهُ ، وَبَاطِنَهُ ، وَالدَّرَجَاتِ العُلَى مِنَ الجَنَّة آمِينَ.","","",""
"جوامع الدعاء","116","اللَّهُمَّ إِنِّي أَسْأَلُكَ خَيْرَ مَا آتِي ، وَخَيْرَ مَا أَفْعَلُ ، وَخَيرَ مَا أَعْمَلُ ، وَخَيْرَ مَا بَطَنَ ، وَخَيْرَ مَا ظَهَرَ ، وَالدَّرَجَاتِ العُلَى مِنَ الجَنَّةِ آمِينَ.","","",""
"جوامع الدعاء","117","اللَّهُمَّ إِنِّي أَسْأَلُكَ أَنْ تَرْفَعَ ذِِكْرِي ، وَتَضَعَ وِزْرِيَ ، وَتُصْلِحَ أَمْرِيَ ، وَتُطَهِّرَ قَلـْبِيَ ، وَتُحَصِّنَ فَرْجِيَ ، وَتُنَوِّرَ قَلْبِيَ ، وَتَغْفِرَ لِي ذَنْبِيَ ، وَأَسْأَلُكَ الدَّرَجَاتِ العُلَى مِنَ الجَنَّةِ آمِينَ.","","",""
"جوامع الدعاء","118","اللَّهُمَّ إِنِّي أَسْأَلُكَ أَنْ تُبَارِكَ فِي نَفْسِي ، وَفِي سَمْعِي ، وَفِي بَصَرِي ، وَفِي رُوحِي ، وَفِي خَلْقِي ، وَفِي خُلُقِي ، وَفِي أَهْلِي ، وَفِِي مَحْيَاي ، وَفِي مَمَاتِي ، وَفِي عَمَلِي ، فَتَقَبَّلْ حَسَنَاتِي ، وَأَسْأَلُكَ الدَّرَجَاتِ العُلَى مِنَ الجَنَّةِ آمِينَ.","","",""
"جوامع الدعاء","119","اللَّهُمَّ لَكَ الحَمْدُ كُلُّهُ ، اللَّهُمَّ لا قَابِضَ لِمَا بَسَطْتَ ، وَلا بَاسِطَ لِمَا قَبَضْتَ ، وَلا هَادِيَ لِمَنْ أَضْلَلْتَ وَلا مُضِلَّ لِمَنْ هَدَيْتَ ، وَلا مُعْطِي لِمَا مَنَعْتَ وَلا مَانِعَ لِمَا أَعْطَيتَ ، وَلا مُقَرِّبَ رَبِّ لِمَا بَاعَدْتَ ، وَلا مُبَاعِدَ لِمَا قَرَّبْتَ ، اللَّهُمَّ ابْسُطْ عَلَينَا مِنْ بَرَكَاتِكَ وَرَحْمَتِكَ وَفَضْلِكَ وَرِزْقِكَ ، اللَّهُمَّ إِنِّي أَسْأَلُكَ النَّعِيمَ المُقِيمَ الَّذِي لا يَحُولُ وَلا يَـزُولُ ، اللَّهُمَّ إِنِّي أَسْأَلُكَ النَّعِيمَ يَوْمَ العَيْلَةِ وَالأَمْنِ يَوْمَ الخَوفِ ، اللَّهُمَّ إِنِّي عَائِذٌ بِكَ مِنْ شَرِّ مَا أَعْطَيْتَنَا وَشَرِّ مَا مَنَعْتَنَا.","","",""
"جوامع الدعاء","120","اللَّهُمَّ حَبِّبْ إِلَينَا الإِيمَانَ وَزَيِّنْهُ فِي قُلُوبِنَا وَكَرِّه إِلَيْنَا الكُفْرَ وَالفُسُوقَ وَالعِصْيانَ ، وَاجْعَلْنَا مِنَ الرَّاشِدِينَ ، اللَّهُمَّ تَوَفَّنَا مُسْـلِمِينَ ، وَأَحْينَا مُسْلِمِينَ ، وَأَلْحِقْنَا بِالصَّالِحِينَ غَيرَ خَزَايَا وَلاَ مَفْتُونِينَ ، اللَّهُمَّ قَاتِلِ الكَفَرَةَ الَّذِينَ يُكَذِّبُونَ رُسُلَكَ ، وَيَصُدُّونَ عَنْ سَبِيلِكَ ، وَاجْعَلْ عَلَيهِم رِجْزَكَ وَعَذَابَكَ ، اللَّهُمَّ قَاتِلِ الكَفَرَةَ الَّذِينَ أُوتُوا الكِتَابَ ، إِلَهَ الحَقِّ.. آمِينَ.","","",""
"جوامع الدعاء","121","اللَّهُمَّ بِعِلْمِكَ الغَيبِ ، وَقُدْرَتِكَ عَلَى الخَلْقِ ؛ أَحْيِنِي مَا عَلِمْتَ الحَيَاةَ خَيْراً لِي ، وَتَوَفَّنِي إِذَا عَلِمْتَ الوَفَاةَ خَيْراً لِي ، اللَّهُمَّ إِنِّي أَسْأَلُكَ خَشْيَتَكَ فِي الغَيْبِ وَالشَّهَادَةِ ، وَأَسْأَلُكَ كَلِمَةَ الحَقِّ فِي الرِّضَا وَالغَضَبِ ، وَأَسْأَلُكَ القَصْدَ فِي الغِنَى وَالفَقْرِ ، وَأَسْأَلُكَ نَعِيماً لا يَنْفَدُ ، وَأَسْأَلُكَ قُرَّةَ عَيْنٍ لا تَنْقَطِعُ ، وَأَسْأَلُكَ الرِّضَا بَعْدَ القَضَاءِ ، وَأَسْأَلُكَ بَرْدَ العَيْشِ بَعْدَ المَوْتِ ، وَأَسْأَلُكَ لَذَّةَ النَّظَرِ إِلَى وَجْهِكَ ، وَالشَّوْقَ إِلَى لِقَائِكَ ، فِي غَيْرِ ضَرَّاءَ مُضِرَّةَ وَلا فِتْنَةً مُضِلَّةَ ، اللَّهُمَّ زَيِّنَّا بِزِينَةِ الإِيمَانِ ، وَاجْعَلْنَا هُدَاةً مُهْتَدِينَ.","","",""
"جوامع الدعاء","122","اللَّهُمَّ إِنِّي أَسْأَلُكَ فِعْلَ الخَيْرَاتِ ، وَتَرْكَ المُنْكَرَاتِ ، وَحُبَّ المَسَاكِينَ ، وَأَنْ تَغْفِرَ لِي وَتَرْحَمَنِي ، وَإذَا أَرَدْتَ فِتْنَةَ قَومٍ فَتَوَفَّنِي غَيْرَ مَفْتُونٍ ، وَأَسْأَلُكَ حُبَّكَ ، وَحُبَّ مَنْ يُحِبّـُكَ ، وَحُبَّ كل عَمَلٍ يُقَرِّبُنِي إِلَى حُبِّـكَ.","","",""
"جوامع الدعاء","123","اللَّهُمَّ إِنِّي أَسْأَلُكَ مِنَ الخَيْرِ كُلِّهُ ؛ عَاجِلِهِ وَآجِلِهِ ، مَا عَلِمْتُ مِنْهُ وَمَا لَمْ أَعْلَمْ ، وَأَعُوذُ بِكَ مِنْ الشَّرِّ كُلِّهُ عَاجِلِهِ وَآجِلِهِ ، مَا عَلِمْتُ مِنْهُ وَمَا لَمْ أَعْلَمْ.","","",""
"جوامع الدعاء","124","اللَّهُمَّ إِنِّي أَسْأَلُكَ مِنْ خَيْرِ مَا سَأَلَكَ عَبْدُكَ وَنَبِيُّكَ محمد ، وَأَعُوذُ بِكَ مِنْ شَرِّ مَا اسْتَعَاذَ بِكَ مِنْهُ عَبْدُكَ وَنَبِيُّكَ محمد.","","",""
"جوامع الدعاء","125","اللَّهُمَّ إِنِّي أَسْأَلُكَ الجَنَّة ، وَمَا قَرَّبَ إِلَيْهَا مِنْ قَوْلٍ أَوْ عَمَلٍ ، وَأَعُوذُ بِكَ مِنَ النَّارِ وَمَا قَرَّبَ إِلَيْهَا مِنْ قَوْلٍ أَوْ عَمَلٍ ، وَأَسْأَلُكَ أَنْ تَجْعَلَ كُلَّ قَضَاءٍ قَضَيْتَهُ لِي خَيْراً.","","",""
"جوامع الدعاء","126","اللَّهُمَّ اقْسِمْ لَنَا مِنْ خَشْيَتِكَ مَا تَحُولُ بِهِ بَيْنَنَا وَبَيْنَ مَعَاصِيكَ ، وَمِنْ طَاعَتِكَ مَا تُبَلِّغْنَا بِهِ جَنَّتَكَ ، وَمِنَ اليَقِينِ مَا تُهَوِّنُ بِهِ عَلَيْنَا مَصَائِبَ الدُّنْيَا ، اللَّهُمَّ مَتِّعْنَا بِأَسْمَاعِنَا ، وَأَبْصَارِنَا ، وَقُوَّاتِنَا مَا أَحْيَيْتَنَا ، وَاجْعَلْهُ الوَارِثَ مِنَّا ، وَاجْعَلْ ثَأْرَنَا عَلَى مَنْ ظَلَمَنَا ، وَانْصُرْنَا عَلَى مَنْ عَادَانَا ، وَلا تَجْعَلْ مُصِيبَتَنَا فِي دِينِنَا وَلا تَجْعَلْ الدُّنْيَا أَكْبَرَ هَمِّنَا ، وَلا مَبْلَغَ عِلْمِنَا ، وَلا تُسَلِّطْ عَلَيْنَا مَنْ لا يَرْحَمْنَا.","","",""
"جوامع الدعاء","127","اللَّهُمَّ إِنَّا نَسْألُكَ مُوجِبَاتِ رَحْمَتِكَ ، وَعَزَائِمَ مَغْفِرَتِكَ ، وَالسَّلامَةَ مِنْ كُلِّ إثْمٍ ، وَالغَنِيمَةَ مِنْ كُلِّ بِرِّ ، وَالفَوْزَ بِالجَنَّةِ ، وَالنَّجَاةَ مِنَ النَّارِ.","","",""
"جوامع الدعاء","128","اللَّهُمَّ لا تَدَعْ لَنَا ذَنْبًا إِلاَّ غَفَرْتَهُ ، وَلا هَمًّا إِلاَّ فَرَّجْتَهُ ، وَلا دَيْنًا إِلاَّ قَضَيْتَهُ ، وَلا مَرِيضاً إِلاَّ شَفَيْتَهُ ، وَلا مُبْتَلَى إِلاَّ عَافَيْتَهُ ، وَلا ضَالاً إِلاَّ هَدَيْتَهُ ، وَلا غَائِباً إِلاَّ رَدَدْتَهُ ، وَلا مَظْلُوماً إِلاَّ نَصَرْتَهُ ، وَلا أَسِيراً إِلاَّ فَكَكْتَهُ ، وَلا مَيِّتاً إِلاَّ رَحِمْتَهُ ، وَلا حَاجَةً لَنَا فِيهَا صَلاحٌ وَلَكَ فِيهَا رِضاً إِلاَّ قَضَيْتَهَا وَيَسَّرْتَهَا بِفَضْلِكَ يَا أَكْرَمَ الأَكْرَمِينَ.","","",""
"جوامع الدعاء","129","اللَّهُمَّ رَبِّ أَعِنِّي وَلا تُعِنْ عَلَيَّ ، وَانْصُرْنِي وَلا تَنْصُرْ عَلَيَّ ، وَامْكُرْ لِي وَلا تَمْكُرْ عَلَيَّ ، وَاهْدِنِي وَيَسِّرِ الهُدَى إِلَيَّ ، وَانْصُرْنِي عَلَى مَنْ بَغَى عَلَيَّ.","","",""
"جوامع الدعاء","130","اللَّهُمَّ رَبِّ اجْعَلْنِي لَكَ شَكَّاراً ، لَكَ ذَكَّاراً ، لَكَ رَهَّاباً ، لَكَ مِطْـوَاعاً ، إِلَيْكَ مُخْبِتاً أَوَّاهاً مُنِيباً ، رَبِّ تَقَبَّلْ تَوْبَتِي ، وَاغْسِلْ حَوْبَتِي ، وَأَجِبْ دَعْوَتِي ، وَثَبِّتْ حُجَّتِي ، وَاهْدِ قَلْبِي ، وَسَدِّدْ لِسَانِي ، وَاسْلُلْ سَخِيمَةَ قَلْبِي.","","",""
"جوامع الدعاء","131","اللَّهُمَّ إِنَّا نَسْألكَ يُسْراً لَيْسَ بَعْدَهُ عُسْرٌ ، وَغِنىً لَيْسَ بَعْدَهُ فَقْرٌ ، وَأَمْناً لَيْسَ بَعْدَهُ خَوْفٌ ، وَسَعَادَةً لَيْسَ بَعْدَهَا شَقَاءٌ.","","",""
"جوامع الدعاء","132","اللَّهُمَّ ألِّفْ بَيْنَ قُلُوبِنَا ، وَأَصْلِحْ ذَاتَ بَيْنِـنَا ، وَاهْدِنَا سُبُلَ السَّلامِ ، وَنَجِّنَا مِنَ الظُّلُمَاتِ إِلَى النُّورِ ، وَجَنِّبْنَا الفَوَاحِشَ مَا ظَهَرَ مِنْهَا وَمَا بَطَنَ ، وَبَارِكْ لَنَا فِي أَسْمَاعِـنَا ، وَأَبْصَارِنَا ، وَقُلُوبِنَا ، وَأَزْوَاجِـنَا ، وَذُرِّيَّاتِنَا ، وَتُبْ عَلَيْنَا إِنَّكَ أَنْتَ التَّوَّابُ الرَّحِيمُ ، وَاجْعَلْنَا شَاكِرِينَ لِنِعَمِكَ مُثْنِينَ بِهَا عَلَيْكَ قَابِلِينَ لَهَا وَأَتْمِمْهَا عَلَيْنَا.","","",""
"جوامع الدعاء","133","اللَّهُمَّ يَا مُقَلِّبَ القُلُوبِ وَالأَبْصَارِ ، ثَبِّتْ قُلُوبَنَا عَلَى طَاعَتِكَ ، وَلا تُزِغْ قُلُوبَنَا بَعْدَ إِذْ هَدَيْتَنَا ، ولا تَفْتِنَّا فِي دِينِنَا ، وَاجْعَلْ يَوْمَنَا خَيْراً مِنْ أَمْسِنَا ، وَاجْعَلْ غَدَنَا خَيْراً مِنْ يَوْمـِنَا ، وَاجْعَلْ خَيْرَ أَعْمَارِنَا أَوَاخِرَهَا ، وَخَيْرَ أَعْمَالِنَا خَوَاتِيمَهَا ، وَخَيْرَ أَيَّامِنَا يَوْمَ نَلْقَاكَ وَأَنْتَ رَاضٍ عَنَّا.","","",""
"جوامع الدعاء","134","اللَّهُمَّ أَنْتَ الَّذِي خَلَقْتَنِي فَأَنْتَ تَهْدِينِ ، وَأَنْتَ الَّذِي تُطْعِمُنِي وَتَسْقِينِ ، وَإذَا مَرِضْتُ فَأَنْتَ تَشْفِينِ ، وَأَنْتَ الَّذِي تُمِيتُنِي ثُمَّ تُحْـيِينِ ، وَأَنْتَ الَّذِي أَطْمَعُ أَنْ يَغْفِرَ لِي خَطِيئَتِي يَوْمَ الدِّينِ ، رَبِّ هَبْ لِي حُكْماً وَأَلْحِقْنِي بِالصَّالِحِينَ ، وَاجْعَلْ لِي لِسَانَ صِدْقٍ فِي الآخِرِينَ ، وَاجْعَلْنِي مِنْ وَرَثَةِ جَنَّةِ النَّعِيمِ ، وَاغْفِرْ لآبَائِنَا وَأُمَّهَاتِنَا مِنَ المُسْلِمِينَ وَلا تُخْزِنِي يَوْمَ يُبْعَثُونَ ، يَوْمَ لا يَنْفَعُ مَالٌ وَلا بَنُونَ ، إِلاَّ مَنْ أَتَى اللهَ بِقَلْبٍ سَلِيمٍ.","","",""
"جوامع الدعاء","135","اللَّهُمَّ احْفَظْنِي بِالإسْلاَمِ قَائِماً ، وَاحْفَظْنِي بِالإِسْلاَمِ قَاعِداً ، وَاحْفَظْنِي بِالإِسْلامِ رَاقِداً ، وَلاَ تُشْمِتْ بِي عَدُوّاً وَلا حَاسِداً.","","",""
"جوامع الدعاء","136","اللَّهُمَّ إِنِّي أَسْأَلُكَ مِنْ كُلِّ خَيْرٍ خَزَائِنُهُ بِيَدِكَ ، وَأَعُوذُ بِكَ مِنْ كُلِّ شَرٍّ خَزَائِنُهُ بِيَـدِكَ.","","",""
"جوامع الدعاء","137","اللَّهُمَّ يَا ذَا الحَبْلِ الشَّدِيدِ ، وَالأَمْرِ الرَّشِيـدِ ، أَسْأَلُكَ الأَمْنَ يَوْمَ الوَعِيدِ ، وَالجَنَّةَ دَاْر الخُلُودِ ، مَعَ المُقَرَّبِينَ الشُّهُودِ ، الرُّكَّعِ السُّجُودِ ، المُوفِينَ بِالعُهُودِ ، إِنَّكَ رَحِيمٌ وَدُودٌ ، وَإِنَّكَ تَفْعَلُ مَا تُرِيدُ.","","",""
"جوامع الدعاء","138","اللَّهُمَّ اجْعَلْنَا هَادِينَ مُهْتَدِينَ ، غَيْرَ ضَالِّيْنَ وَلا مُضِلِّينَ ، سِلْماً لأَوْلِيائِكَ ، وَحَرْباً على أَعْدَائِكَ ، نُحِبُّ بِحُبِّكَ مَنْ أَحَبَّكَ ، وَنُعَادِي بِعَدَاوَتِكَ مَنْ خَالَفَكَ.اللَّهُمَّ هَذَا الدُّعَاءُ وَمِنْكَ الإِجَابَةُ ، اللَّهُمَّ هَذَا الجُهْدُ وَعَلَيْكَ التُّكْلانُ.","","",""
"جوامع الدعاء","139","اللَّهُمَّ إِنِّي أَسْأَلُكَ إِيمَاناً لا يَرْتَدُّ ، وَنَعِيماً لا يَنْفَدُ ، وَمُرَافَقَةَ نَبِيِّكَ مُحَمَّدٍ فِي أَعْلَى جَنَّةِ الخُلْدِ.","","",""
"جوامع الدعاء","140","اللَّهُمَّ آتِنِي الحِكْمَةَ الَّتِي مَنْ أُوتِيَهَا فَقَدْ أُوْتِيَ خَيْراً كَثِيراً.","","",""
"جوامع الدعاء","141","اللَّهُمَّ أَعِنِّي عَلَى ذِكْرِكَ وَشُكْرِكَ وَحُسْنَ عِبَادَتِكَ.","","",""
"جوامع الدعاء","142","اللَّهُمَّ ارْحَمْنِي ، فَأَنْتَ خَيْرُ الرَّاحِمِينَ ، وَارْزُقْنِي ، فَأَنْتَ خَيْرُ الرَّازِقِينَ ، وَاغْفِرْ لِي فَأَنْتَ خَيْرُ الغَافِرِينَ ، وَانْصُرْنِي ، فَأَنْتَ خَيْرُ النَّاصِرِينَ.","","",""
"جوامع الدعاء","143","اللَّهُمَّ رَحْمَتَكَ أَرْجُو فَلا تَكِلْني إِلى نَفْسِي طَرْفَةَ عَيْنٍ ، وَأَصْلِحْ لِي شَأْنِي كُلَّهُ ، لا إِلَهَ إِلاَّ أَنْتَ.","","",""
"جوامع الدعاء","144","اللَّهُمَّ زِدْنَا وَلا تَنْقُصْنَا ، وَأَكْرِمْنَا وَلا تُـهِنَّا ، وَأَعْطِنَا وَلا تَحْرِمْنَا ، وَآثِرْنَا وَلا تُؤْثِرْ عَلَينَا ، وَأَرْضِنَا وَارْضَ عَنَّا.","","",""
"جوامع الدعاء","145","اللَّهُمَّ إِنِّي أَسْأَلُكَ عِيشَةً نَقِيَّةً ، وَمِيتَةً سَـوِيَّةً ، وَمَرَدّاً غَيْرَ مُخْزٍ وَلا فَاضِحٍ.","","",""
"جوامع الدعاء","146","اللَّهُمَّ رَبِّ أَوْزِعْنِي أَنْ أَشْكُرَ نِعْمَتَكَ الَّتِي أَنْعَمْتَ عَلَيَّ وَعَلَى وَالِدَيَّ ، وَأَنْ أَعْمَلَ صَالِحَاً تَرْضَاهُ وَأَدْخِلْنِي بِرَحْمَتِكَ فِي عِبَادِكَ الصَّالِحِينَ.","","",""
"جوامع الدعاء","147","اللَّهُمَّ إِنِّي أَسْأَلُكَ العَفْوَ وَالعَافِيَةَ وَالمُعَافَاةَ فِي الدُّنْيَا وَالآخِرَةِ.","","",""
"جوامع الدعاء","148","اللَّهُمَّ إِنِّي أَسْأَلُكَ الهُدَى ، وَالتُّقَى ، وَالعَفَافَ وَالغِنَى.","","",""
"جوامع الدعاء","149","اللَّهُمَّ إِنِّي أَسْأَلُكَ عِلْماً نَافِعَاً ، وَرِزْقاً طَـيِّباً ، وَعَمَلاً مُتَقَبَّلاً.","","",""
"جوامع الدعاء","150","اللَّهُمَّ اغْفِرْ لِي ، وَاهْدِنِي وَارْزُقْنِي ، وَعَافِنِي ، أَعُوذُ بِاللهِ مِنْ ضِيقِ المَقَامِ يَوْمَ القِيامَةِ.","","",""
"جوامع الدعاء","151","اللَّهُمَّ قِنِي شَرَّ نَفْسِي ، وَاعْزِمْ لِي عَلَى أَرْشَدِ أَمْرِي ، اللَّهُمَّ اغْفِرْ لِي مَا أَسْرَرْتُ ، وَمَا أَعْلَنْتُ وَمَا أَخْطَأْتُ ، وَمَا عَمَدْتُ ، وَمَا عَلِمْتُ ، وَمَا جَهِلُتُ.","","",""
"جوامع الدعاء","152","اللَّهُمَّ أَكْثِرْ مَالِي ، وَوَلَدِي ، وَبَارِكْ لِي فِيمَا أَعْطَيْتَنِي ، وَأَطِلْ حَيَاتِي عَلَى طَاعَتِكَ ، وَأَحْسِنْ عَمَلِي وَاغْفِرْ لِي.","","",""
"جوامع الدعاء","153","اللَّهُمَّ اسْتُرْ عَوَرَاتِي ، وَآمِنْ رَوْعَاتِي ، وَاحْفَظْنِي مِنْ بَيْنِ يَدَيَّ وَمِنْ خَلْفِي ، وَعَنْ يَمِينِي وَعَنْ شِمَالِي ، وَمِنْ فَوْقِي ، وَأَعُوذُ بِكَ أَنْ أُغْتَالَ مِنْ تَحْتِي.","","",""
"جوامع الدعاء","154","اللَّهُمَّ أَكْرِمْنِي وَلا تُهِنِّي ، وَأَعْطِنِي وَلا تَحْرِمْنِي ، وَزِدْنِي وَلا تَنْقُصْنِي ، وَآثِرْنِي وَلا تُؤْثِرْ عَلَيَّ ، وَارْضَ عَنِّي وَأَرْضِنِي.","","",""
"جوامع الدعاء","155","اللَّهُمَّ افْتَحْ لَنَا فَتْحاً مُبِيناً ، وَاهْدِنَا صِرَاطاً مُسْتَقِيماً ، وَانْصُرْنَا نَصْراً عَزِيزاً، وَأَتِمَّ عَلَيْنَا نَعْمَتَكَ ، وَأَنْزِلْ فِي قُلُوبِنَا سَكِينَتَكَ ، وَانْشُرْ عَلَيْنَا فَضْلَكَ وَرَحْمَتَكَ.","","",""
"جوامع الدعاء","156","اللَّهُمَّ أعِنَّا عَلَى شَهَوَاتِ أَنْفُسِنَا، وَقَسْوَةِ قُلُوبِنَا ، وَضَعْفِ إِرَادَتِنَا ، وَلا تَكِلْنَا إِلَى أَنْفُسِنَا وَلا إِلَى أَحَدٍ غَيْرَكَ.","","",""
"جوامع الدعاء","157","اللَّهُمَّ لا تَكِلْنَا إِلَى أَنْفُسِنَا طَرْفَةَ عَيْنٍ وَلا أَقَلَّ مِنْ ذَلِكَ.","","",""
"جوامع الدعاء","158","اللَّهُمَّ رَبَّنَا آتِنَا فِي الدُّنْيَا حَسَنَةً وَفِي الآخِرَةِ حَسَنَةً وَقِنَا عَذَابَ النَّارِ.","","",""
"جوامع الدعاء","159","اللَّهُمَّ اشْغَلْ قُلُوبَنَا بِحُبِّكَ ، وَأَلْسِنَتَنَا بِذِكْرِكَ ، وَأَبْدَانِنَا بِطَاعَتِكَ ، وَعُقُولَنَا بِالتَّفَكُّرِ فِي خَلْقِكَ وَالتَّفَقُّهَ فِي دِينِكَ.","","",""
"جوامع الدعاء","160","اللَّهُمَّ اشْفِ مَرْضَانَا ، وَارْحَمْ مَوْتَانَا ، وعَافِ مُبْتَلاَنَاْ ، وَفُكَّ أَسْرَانَا ، وَاجْبُرْ كَسْرَانَا.","","",""
"جوامع الدعاء","161","اللَّهُمَّ أَطْعِمْنَا مِنْ جُوعٍ ، وَآمِنَّا مِنْ خَوْفٍ، وَقَوِّنَا مِنْ ضَعْفٍ ، وَعَلِّمْنَا مِنْ جَهَالَةٍ، وَأَنْقِذْنَا مِنْ ضَلاَلَةٍ.","","",""
"جوامع الدعاء","162","اللَّهُمَّ اخْتِمْ بِالصَّالِحَاتِ أَعْمَالَنَا ، وَبِالسَّعَادَةِ آجَالَنَا ، وَبَلِّغْنَا مِمَّا يُرْضِـيكَ آمَالَنَا.","","",""
"جوامع الدعاء","163","اللَّهُمَّ أَصْلِحْ لِي دِينِي الَّذِي هُوَ عِصْمَةُ أَمْرِي ، وَأَصْلِحْ لِي دُنْيَايَ الَّتِي فِيهَا مَعَاشِي, وَأَصْلِحْ لِي آخِرَتِي الَّتِي فِيهَا مَعَادِي ، وَاجْعَلِ الحَيَاةَ زِيَادَةً لِي فِي كُلِّ خَيْرٍ ، وَاجْعَلِ المَوْتَ رَاحَةً لِي مِنْ كُلِّ شَرٍّ.","","",""
"جوامع الدعاء","164","اللَّهُمَّ اجْعَلْ خَيْرَ عُمُرِي أَوَاخِرَهُ ، وَخَيْرَ عَمَلِي خَوَاتِمَهُ ، وَخَيْرَ أَيَّامِي يَوْمَ لِقَاكَ.","","",""
"جوامع الدعاء","165","اللَّهُمَّ احْفَظْنِي بِالإسْلامِ قَائِماً ، وَاحْفَظْنِي بِالإسْلامِ قَاعِداً ، وَاحْفَظْنِي بِالإِسْلامِ رَاقِداً ، وَلا تُشْمِتْ بِيَ عَدُوَّاً وَلا حَاسِدَاً.","","",""
"جوامع الدعاء","166","اللَّهُمَّ أَحْيِنَا مُسْلِمِينَ ، وَتَوَفَّنَا مُسْلِمِينَ ، وَأَلْحِقْنَا بِالصَّالِحِينَ.","","",""
"جوامع الدعاء","167","اللَّهُمَّ أَبْرِمْ لِهَذِهِ الأُمَّةِ أَمْرَ رُشْدٍ ، يُعَزُّ فِيْهِ أَهْلُ طَاعَتِكَ ، وَيُذَلُّ فِيْهِ أَهْلُ مَعْصِيَتِكَ ، وَيُؤمَرُ فِيْهِ بِالمَعْرُوفِ ، وَيُنْهَى فِيْهِ عَنِ المُنْكَرِ.","","",""
"جوامع الدعاء","168","اللهمَّ صلِّ وسلِّمْ وبارِكْ علَى عَبْدِكَ ورَسُوْلِكَ محمَّد وعلى آله وصحبه أجمعين.","","",""
"أدعية النَّبِيِّ صَلَّى اللهُ عَلَيْهِ وَسَلَّمَ","1","اللَّهُمَّ أنَْتَ رَبيِّ لَا إلِهََ إلَِّا أنَتَ، خَلَقْتنَيِ وَأنََا عَبدُْكَ، وَأنََا عَلَى عَهْدِكَ وَوَعْدِكَ مَا اسْتَطَعْتُ، أَعُوذُ بِكَ مِنْ شَرِّ مَا صَنَعْتُ، أَبُوءُ لَكَ بِنِعْمَتِكَ عَلَيَّ، وَأَبُوءُ بِذَنْبِي فَاغْفِرْ لِي فَإِنَّهُ لَا يَغْفِرُ الذُّنُوبَ إِلَّا أَنْتَ.","رواه البخاري (6306) عن شداد بن أوس وقد وصف النبي هذا الدعاء بأنه سيد الاستغفار.","",""
"أدعية النَّبِيِّ صَلَّى اللهُ عَلَيْهِ وَسَلَّمَ","2","اللَّهُمَّ إِنِّي ظَلَمْتُ نَفْسِي ظُلْمًا كَثِيرًا، وَلَا يَغْفِرُ الذُّنُوبَ إِلَّا أَنْتَ، فَاغْفِرْ لِي مَغْفِرَةً مِنْ عِنْدِكَ وَارْحَمْنِي إِنَّك أَنْتَ الْغَفُورُ الرَّحِيمُ.","رواه البخاري (834) ومسلم (6869) عن أبي بكر.","",""
"أدعية النَّبِيِّ صَلَّى اللهُ عَلَيْهِ وَسَلَّمَ","3","رَبِّ اغْفِرْ لِي خَطِيئَتِي وَجَهْلِي وَإِسْرَافِي فِي أَمْرِي كُلِّهِ وَمَا أَنْتَ أَعْلَمُ بِهِ مِنِّي، اللَّهُمَّ اغْفِرْ لِي خَطَايَايَ وَعَمْدِي وَجَهْلِي وَهَزْلِي، وَكُلُّ ذَلِكَ عِنْدِي، اللَّهُمَّ اغْفِرْ لِي مَا قَدَّمْتُ وَمَا أَخَّرْتُ وَمَا أَسْرَرْتُ وَمَا أَعْلَنْتُ أَنْتَ الْمُقَدِّمُ وَأَنْتَ الْمُؤَخِّرُ وَأَنْتَ عَلَى كُلِّ شَيْءٍ قَدِيرٌ.","رواه البخاري (6398) ومسلم (6901) عن أبي موسى.","",""
"أدعية النَّبِيِّ صَلَّى اللهُ عَلَيْهِ وَسَلَّمَ","4","اللَّهُمَّ اغْفِرْ لِي ذَنْبِي كُلَّهُ، دِقَّهُ، وَجِلَّهُ، وَأَوَّلَهُ، وَآخِرَهُ، وَعَلَانِيَتَهُ، وَسِرَّهُ.","رواه مسلم (1084) عن أبي هريرة.","",""
"أدعية النَّبِيِّ صَلَّى اللهُ عَلَيْهِ وَسَلَّمَ","5","اللَّهُمَّ إِنِّي أَعُوذُ بِكَ مِنَ الْهَمِّ وَالْحَزَنِ وَالْعَجْزِ وَالْكَسَلِ وَالْجُبْنِ وَالْبُخْلِ وَضَلَعِ الدَّيْنِ وَغَلَبَةِ الرِّجَالِ.","رواه البخاري (6369) عن أنس.","",""
"أدعية النَّبِيِّ صَلَّى اللهُ عَلَيْهِ وَسَلَّمَ","6","اللَّهُمَّ إنِِّي أَعُوذُ بكَِ مِنَ الْبُخْلِ، وَأَعُوذُ بكَِ مِنَ الْجُبْنِ، وَأَعُوذُ بكَِ أَنْ أُرَدَّ إلَِى أَرْذَلِ الْعُمُرِ، وَأَعُوذُ بِكَ مِنْ فِتْنَةِ الدُّنْيَا، وَأَعُوذُ بِكَ مِنْ عَذَابِ الْقَبْرِ.","رواه البخاري (6365) عن سعد بن أبي وقاص.","",""
"أدعية النَّبِيِّ صَلَّى اللهُ عَلَيْهِ وَسَلَّمَ","7","اللَّهُمَّ إِنِّي أَعُوذُ بِكَ مِنَ الْكَسَلِ وَالْهَرَمِ وَالْمَأْثَمِ وَالْمَغْرَمِ، وَمِنْ فِتْنَةِ الْقَبْرِ وَعَذَابِ الْقَبْرِ، وَمِنْ فِتْنَةِ النَّارِ وَعَذَابِ النَّارِ، وَمِنْ شَرِّ فِتْنَةِ الْغِنَى، وَأَعُوذُ بِكَ مِنْ فِتْنَةِ الْفَقْرِ، وَأَعُوذُ بِكَ مِنْ فِتْنَةِ الْمَسِيحِ الدَّجَّالِ، اللَّهُمَّ اغْسِلْ عَنِّي خَطَايَايَ بِمَاءِ الثَّلْجِ وَالْبَرَدِ، وَنَقِّ قَلْبِي مِنَ الْخَطَايَا كَمَا نَقَّيْتَ الثَّوْبَ الْأَبْيَضَ مِنَ الدَّنَسِ، وَبَاعِدْ بَيْنِي وَبَيْنَ خَطَايَايَ كَمَا بَاعَدْتَ بَيْنَ الْمَشْرِقِ وَالْمَغْرِبِ.","رواه البخاري (6368) ومسلم (6871) عن عائشة.","",""
"أدعية النَّبِيِّ صَلَّى اللهُ عَلَيْهِ وَسَلَّمَ","8","اللَّهُمَّ رَبَّ السَّمَوَاتِ وَرَبَّ الْأَرْضِ وَرَبَّ الْعَرْشِ الْعَظِيمِ، رَبَّنَا وَرَبَّ كُلِّ شَيْءٍ، فَالِقَ الْحَبِّ وَالنَّوَى وَمُنْزِلَ التَّوْرَاةِ وَالْإِنْجِيلِ وَالْفُرْقَانِ، أَعُوذُ بِكَ مِنْ شَرِّ كُلِّ شَيْءٍ أَنْتَ آخِذٌ بِنَاصِيَتهِِ، اللَّهُمَّ أَنْتَ الْأوََّلُ فَلَيْسَ قَبْلَكَ شَيْءٌ، وَأَنْتَ الْآخِرُ فَلَيْسَ بَعْدَكَ شَيْءٌ، وَأَنْتَ الظَّاهِرُ فَلَيْسَ فَوْقَكَ شَيْءٌ، وَأَنْتَ الْبَاطِنُ فَلَيْسَ دُونَكَ شَيْءٌ، اقْضِ عَنَّا الدَّيْنَ وَأَغْنِنَا مِنَ الْفَقْرِ.","رواه مسلم (6889) عن أبي هريرة.","",""
"أدعية النَّبِيِّ صَلَّى اللهُ عَلَيْهِ وَسَلَّمَ","9","اللَّهُمَّ إِنِّي أَعُوذُ بِكَ مِنْ شَرِّ مَا عَمِلْتُ وَمِنْ شَرِّ مَا لَمْ أَعْمَلْ.","رواه مسلم (6895) عن عائشة.","",""
"أدعية النَّبِيِّ صَلَّى اللهُ عَلَيْهِ وَسَلَّمَ","10","اللَّهُمَّ أَصْلِحْ لِي دِينِي الَّذِي هُوَ عِصْمَةُ أَمْرِي، وَأَصْلِحْ لِي دُنْيَايَ الَّتِي فِيهَا مَعَاشِي، وَأَصْلِحْ لِي آخِرَتِي الَّتِي فِيهَا مَعَادِي وَاجْعَلِ الْحَيَاةَ زِيَادَةً لِي فِي كُلِّ خَيْرٍ، وَاجْعَلِ الْمَوْتَ رَاحَةً لِي مِنْ كُلِّ شَرٍّ.","رواه مسلم (6903) عن أبي هريرة.","",""
"أدعية النَّبِيِّ صَلَّى اللهُ عَلَيْهِ وَسَلَّمَ","11","اللَّهُمَّ إِنِّي أَسْأَلُكَ الْهُدَى وَالتُّقَى وَالْعَفَافَ وَالْغِنَى.","رواه مسلم (6904) عن ابن مسعود.","",""
"أدعية النَّبِيِّ صَلَّى اللهُ عَلَيْهِ وَسَلَّمَ","12","اللَّهُمَّ إِنِّي أَعُوذُ بِكَ مِنَ الْعَجْزِ وَالْكَسَلِ، وَالْجُبْنِ وَالْبُخْلِ، وَالْهَرَمِ وَعَذَابِ الْقَبْرِ، اللَّهُمَّ آتِ نَفْسِي تَقْوَاهَا وَزَكِّهَا أَنْتَ خَيْرُ مَنْ زَكَّاهَا، أَنْتَ وَلِيُّهَا وَمَوْلَاهَا، اللَّهُمَّ إنِِّي أَعُوذُ بِكَ مِنْ عِلْمٍ لَا يَنْفَعُ، وَمِنْ قَلْبٍ لَا يَخْشَعُ، وَمِنْ نَفْسٍ لَا تَشْبَعُ، وَمِنْ دَعْوَةٍ لَا يُسْتَجَابُ لَهَا.","رواه مسلم (6906) عن زيد بن أرقم.","",""
"أدعية النَّبِيِّ صَلَّى اللهُ عَلَيْهِ وَسَلَّمَ","13","اللَّهُمَّ لَكَ أَسْلَمْتُ وَبِكَ آمَنْتُ، وَعَلَيْكَ تَوَكَّلْتُ وَإِلَيْكَ أَنَبْتُ وَبِكَ خَاصَمْتُ، اللَّهُمَّ إِنِّي أَعُوذُ بِعِزَّتِكَ لَا إِلَهَ إِلَّا أَنْتَ أَنْ تُضِلَّنيِ، أَنْتَ الْحَيُّ الَّذِي لَا يَمُوتُ وَالْجِنُّ وَالْإِنْسُ يَمُوتُونَ.","رواه البخاري (7383) ومسلم (6899) عن ابن عباس.","",""
"أدعية النَّبِيِّ صَلَّى اللهُ عَلَيْهِ وَسَلَّمَ","14","اللَّهُمَّ إِنِّي أَعُوذُ بِكَ مِنْ زَوَالِ نِعْمَتِكَ وَتَحَوُّلِ عَافِيَتِكَ وَفُجَاءَةِ نِقْمَتِكَ وَجَمِيعِ سَخَطِكَ.","رواه مسلم (6943) عن ابن عمر.","",""
"أدعية النَّبِيِّ صَلَّى اللهُ عَلَيْهِ وَسَلَّمَ","15","اللَّهُمَّ مُصَرِّفَ الْقُلُوبِ صَرِّفْ قُلُوبَنَا عَلَى طَاعَتِكَ.","رواه مسلم (6750) عن عبد الله بن عمرو.","",""
"أدعية النَّبِيِّ صَلَّى اللهُ عَلَيْهِ وَسَلَّمَ","16","اللَّهُمَّ رَبَّ جَبْرَائِيلَ وَمِيكَائِيلَ وَإِسْرَافِيلَ، فَاطِرَ السَّمَوَاتِ وَالأَرْضِ، عَالِمَ الْغَيْبِ وَالشَّهَادَةِ، أَنْتَ تَحْكُمُ بَيْنَ عِبَادِكَ فِيمَا كَانُوا فِيهِ يَخْتَلِفُونَ، اهْدِنِي لِمَا اخْتُلِفَ فِيهِ مِنَ الْحَقِّ بِإِذْنِكَ، إِنَّكَ تَهْدِي مَنْ تَشَاءُ إِلَى صِرَاطٍ مُسْتَقِيمٍ.","رواه مسلم (1811) عن عائشة.","",""
"أدعية النَّبِيِّ صَلَّى اللهُ عَلَيْهِ وَسَلَّمَ","17","اللَّهُمَّ إِنِّي أَعُوذُ بِرِضَاكَ مِنْ سَخَطِكَ، وَبِمُعَافَاتِكَ مِنْ عُقُوبَتِكَ، وَأَعُوذُ بِكَ مِنْكَ، لَا أُحْصِي ثَنَاءً عَلَيْكَ، أَنْتَ كَمَا أَثْنَيْتَ عَلَى نَفْسِكَ.","رواه مسلم (1090) عن عائشة.","",""
"أدعية النَّبِيِّ صَلَّى اللهُ عَلَيْهِ وَسَلَّمَ","18","اللَّهُمَّ إِنِّي أَعُوذُ بِكَ مِنْ جَهْدِ الْبَلَاءِ وَدَرَكِ الشَّقَاءِ وَسُوءِ الْقَضَاءِ وَشَمَاتَةِ الْأَعْدَاءِ.","رواه البخاري (6347) ومسلم (6877) عن أبي هريرة.","",""
"أدعية النَّبِيِّ صَلَّى اللهُ عَلَيْهِ وَسَلَّمَ","19","اللَّهُمَّ اجْعَلْ لِي فِي قَلْبِي نُورًا، وَفِي لِسَانِي نُورًا، وَفِي سَمْعِي نُورًا، وَفِي بَصَرِي نُورًا، وَمِنْ فَوْقِي نُورًا، وَمِنْ تَحْتِي نُورًا، وَعَنْ يَمِينِي نُورًا، وَعَنْ شِمَالِي نُورًا، وَمِنْ بَيْنِ يَدَيَّ نُورًا، وَمِنْ خَلْفِي نُورًا، وَاجْعَلْ فِي نَفْسِي نُورًا، وَأَعْظِمْ لِي نُورًا.","رواه البخاري (6316) ومسلم (1797) عن ابن عباس.","",""
"أدعية النَّبِيِّ صَلَّى اللهُ عَلَيْهِ وَسَلَّمَ","20","اللَّهُمَّ إِنِّي أَسْأَلُكَ مِنَ الْخَيْرِ كُلِّهِ عَاجِلِهِ وَآجِلِهِ مَا عَلِمْتُ مِنْهُ وَمَا لَمْ أَعْلَم،ْ وَأَعُوذُ بِكَ مِنَ الشَّرِّ كُلِّهِ عَاجِلِهِ وَآجِلِهِ مَا عَلِمْتُ مِنْهُ وَمَا لَمْ أَعْلَمْ، اللَّهُمَّ إِنِّي أَسْأَلُكَ مِنْ خَيْرِ مَا سَأَلَكَ عَبْدُكَ وَنَبِيُّكَ، وَأَعُوذُ بِكَ مِنْ شَرِّ مَا عَاذَ بِهِ عَبْدُكَ وَنَبِيُّكَ، اللَّهُمَّ إِنِّي أَسْأَلُكَ الْجَنَّةَ وَمَا قَرَّبَ إِلَيْهَا مِنْ قَوْلٍ أَوْ عَمَلٍ، وَأَعُوذُ بِكَ مِنَ النَّارِ وَمَا قَرَّبَ إِلَيْهَا مِنْ قَوْلٍ أَوْ عَمَلٍ وَأَسْأَلُكَ أَنْ تَجْعَلَ كُلَّ قَضَاءٍ قَضَيْتَهُ لِي خَيْرًا.","رواه ابن ماجه (3846) بإسناد صحيح عن عائشة.","",""
"أدعية النَّبِيِّ صَلَّى اللهُ عَلَيْهِ وَسَلَّمَ","21","اللَّهُمَّ بِعِلْمِكَ الْغَيْبَ وَقُدْرَتِكَ عَلَى الْخَلْقِ أَحْيِنِي مَا عَلِمْتَ الْحَيَاةَ خَيْرًا لِي، وَتَوَفَّنِي إِذَا عَلِمْتَ الْوَفَاةَ خَيْرًا لِي، اللَّهُمَّ وَأَسْأَلُكَ خَشْيَتَكَ فِي الْغَيْبِ وَالشَّهَادَةِ، وَأَسْأَلُكَ كَلِمَةَ الْحَقِّ فِي الرِّضَا وَالْغَضَبِ، وَأَسْأَلُكَ الْقَصْدَ فِي الْفَقْرِ وَالْغِنَى، وَأَسْأَلُكَ نَعِيمًا لَا يَنْفَدُ، وَأَسْأَلُكَ قُرَّةَ عَيْنٍ لَا تَنْقَطِعُ، وَأَسْأَلُكَ الرِّضَاءَ بَعْدَ الْقَضَاءِ، وَأَسْأَلُكَ بَرْدَ الْعَيْشِ بَعْدَ الْمَوْتِ، وَأَسْأَلُكَ لَذَّةَ النَّظَرِ إِلَى وَجْهِكَ وَالشَّوْقَ إِلَى لِقَائِكَ فِي غَيْرِ ضَرَّاءَ مُضِرَّةٍ وَلَا فِتْنَةٍ مُضِلَّةٍ، اللَّهُمَّ زَيِّنَّا بِزِينَةِ الْإِيمَانِ، وَاجْعَلْنَا هُدَاةً مُهْتَدِينَ.","رواه النَّسائي (1305) بإسناد حسن عن عمار بن ياسر.","",""
"أدعية النَّبِيِّ صَلَّى اللهُ عَلَيْهِ وَسَلَّمَ","22","اللَّهُمَّ إِنِّي أَسْأَلُكَ العَفْوَ وَالْعَافِيَةَ فِي الدُّنْيَا وَالْآخِرَةِ، اللَّهُمَّ إِنِّي أَسْأَلُكَ الْعَفْوَ وَالْعَافِيَةَ فِي دِينِي وَدُنْيَايَ وَأَهْلِي وَمَالِي، اللَّهُمَّ اسْتُرْ عَوْرَاتِي وَآمِنْ رَوْعَاتِي، وَاحْفَظنْيِ مِنْ بيَنِْ يَدَيَّ وَمِنْ خَلْفِي وَعَنْ يَمِينيِ وَعَنْ شِمَاليِ وَمِنْ فَوْقِي، وَأَعُوذُ بِعَظَمَتِكَ أَنْ أُغْتَالَ مِنْ تَحْتِي.","رواه أبو داود (5074) وغيره بإسناد صحيح عن ابن عمر.","",""
"أدعية النَّبِيِّ صَلَّى اللهُ عَلَيْهِ وَسَلَّمَ","23","اللَّهُمَّ عَالِمَ الْغَيْبِ وَالشَّهَادَةِ، فَاطِرَ السَّمَوَاتِ وَالْأَرْضِ، رَبَّ كُلِّ شَيْءٍ وَمَلِيكَهُ، أَشْهَدُ أَنْ لَا إِلَهَ إِلَّا أَنْتَ، أَعُوذُ بِكَ مِنْ شَرِّ نَفْسِي وَشَرِّ الشَّيْطَانِ وَشِرْكِهِ.","رواه الترمذي (3392) وغيره بإسناد صحيح عن أبي هريرة.","",""
"أدعية النَّبِيِّ صَلَّى اللهُ عَلَيْهِ وَسَلَّمَ","24","اللَّهُمَّ إِنِّي أَسْأَلُكَ الثَّبَاتَ فِي الأَمْرِ، وَالْعَزِيمَةَ عَلَى الرُّشْدِ، وَأَسْأَلُكَ مُوجِبَاتِ رَحْمَتكَِ، وَعَزَائمَِ مَغْفِرَتكَِ، وَأسَْألَكَُ شُكْرَ نعِْمَتكَِ، وَحُسْنَ عِباَدَتكَِ، وَأسَْألَكَُ قَلْبًا سَلِيمًا، وَلِسَانًا صَادِقًا، وَأَسْأَلُكَ مِنْ خَيْرِ مَا تَعْلَمُ، وَأَعُوذُ بِكَ مِنْ شَرِّ مَا تَعْلَمُ، وَأَسْتَغْفِرُكَ لِمَا تَعْلَمُ، إِنَّكَ أَنْتَ عَلَّامُ الْغُيُوبِ.","رواه الطبراني في \"الكبير\" (7135) عن شداد بن أوس.","",""
"أدعية النَّبِيِّ صَلَّى اللهُ عَلَيْهِ وَسَلَّمَ","25","اللَّهُمَّ اكْفِنِي بِحَلَالِكَ عَنْ حَرَامِكَ وَأَغْنِنِي بِفَضْلِكَ عَمَّنْ سِوَاكَ.","رواه الترمذي (3563) بإسناد حسن عن علي.","",""
"أدعية النَّبِيِّ صَلَّى اللهُ عَلَيْهِ وَسَلَّمَ","26","اللَّهُمَّ عَافِنِي فِي بَدَنِي، اللَّهُمَّ عَافِنِي فِي سَمْعِي، اللَّهُمَّ عَافِنِي فِي بَصَرِي، لَا إلَِهَ إلَِّا أَنْتَ، اللَّهُمَّ إنِِّي أَعُوذُ بِكَ مِنَ الْكُفْرِ وَالْفَقْرِ، اللَّهُمَّ إنِِّي أَعُوذُ بِكَ مِنْ عَذَابِ الْقَبْرِ، لَا إِلَهَ إِلَّا أَنْتَ.","رواه أبو داود (5090) بإسناد حسن عن أبي بكرة.","",""
"أدعية النَّبِيِّ صَلَّى اللهُ عَلَيْهِ وَسَلَّمَ","27","رَبِّ أَعِنِّي وَلَا تُعِنْ عَلَيَّ، وَانْصُرْنِي وَلَا تَنْصُرْ عَلَيَّ، وَامْكُرْ لِي وَل َاتَمْكُرْ عَلَيَّ، وَاهْدِنِي وَيَسِّرِ الْهُدَى لِي، وَانْصُرْنِي عَلَى مَنْ بَغَى عَلَيَّ، رَبِّ اجْعَلْنِي لَكَ شَكَّارًا، لَكَ ذَكَّارًا، لَكَ رَهَّابًا، لَكَ مِطْوَاعًا، لَكَ مُخْبِتًا إِلَيْكَ أَوَّاهًا مُنِيبًا، رَبِّ تَقَبَّلْ تَوْبَتِي وَاغْسِلْ حَوْبَتِي وَأَجِبْ دَعْوَتِي وَثَبِّتْ حُجَّتِي وَسَدِّدْ لِسَانِي وَاهْدِ قَلْبِي وَاسْلُلْ سَخِيمَةَ صَدْرِي.","رواه الترمذي (3551) وغيره بإسناد صحيح عن ابن عباس.","",""
"أدعية النَّبِيِّ صَلَّى اللهُ عَلَيْهِ وَسَلَّمَ","28","اللَّهُمَّ لَكَ الْحَمْدُ كُلُّهُ، اللَّهُمَّ لَا قَابِضَ لِمَا بَسَطْتَ، وَلَا بَاسِطَ لِمَا قَبَضْتَ، وَلَا هَادِيَ لِمَا أَضْلَلْت، وَلَا مُضِلَّ لِمَنْ هَدَيْتَ، وَلَا مُعْطِيَ لِمَا مَنَعْتَ، وَلَا مَانِعَ لِمَا أَعْطَيْتَ، وَلَا مُقَرِّبَ لِمَا بَاعَدْتَ، وَلَا مُبَاعِدَ لِمَا قَرَّبْتَ، اللَّهُمَّ ابْسُطْ عَلَيْنَا مِنْ بَرَكَاتِكَ وَرَحْمَتِكَ وَفَضْلِكَ وَرِزْقِكَ، اللَّهُمَّ إِنِّي أَسْأَلُكَ النَّعِيمَ الْمُقِيمَ الَّذِي لَا يَحُولُ وَلَا يَزُولُ، اللَّهُمَّ إِنِّي أَسْأَلُكَ النَّعِيمَ يَوْمَ الْعَيْلَةِ، وَالْأَمْنَ يَوْمَ الْخَوْفِ، اللَّهُمَّ إنِِّي عَائذٌِ بكَِ مِنْ شَرِّ مَا أَعْطَيْتَنَا وَشَرِّ مَا مَنَعْتَ، اللَّهُمَّ حَبِّبْ إلَِيْنَا الْإِيمَانَ وَزَيِّنْهُ فيِ قُلُوبِنَا، وَكَرِّهْ إِلَيْنَا الْكُفْرَ وَالْفُسُوقَ وَالْعِصْيَانَ، وَاجْعَلْنَا مِنَ الرَّاشِدِينَ، اللَّهُمَّ تَوَفَّنَا مُسْلِمِينَ، وَأَحْيِنَا مُسْلِمِينَ، وَأَلْحِقْنَا بِالصَّالِحِينَ غَيْرَ خَزَايَا وَلَا مَفْتُونِينَ، اللَّهُمَّ قَاتِلْ الْكَفَرَةَ الَّذِينَ يُكَذِّبُونَ رُسُلَكَ، وَيَصُدُّونَ عَنْ سَبِيلِكَ، وَاجْعَلْ عَلَيْهِمْ رِجْزَكَ وَعَذَابَكَ، اللَّهُمَّ قَاتِلْ الْكَفَرَةَ الَّذِينَ أُوتُوا الْكِتَابَ إِلَهَ الْحَقِّ.","رواه الإمام أحمد (15492) عن رفاعة الزرقي بإسناد صحيح.","",""
"أدعية النَّبِيِّ صَلَّى اللهُ عَلَيْهِ وَسَلَّمَ","29","اللَّهُمَّ صَلِّ عَلَى مُحَمَّدٍ وَعَلَى آلِ مُحَمَّدٍ كَمَا صَلَّيْتَ عَلَى إِبْرَاهِيمَ وعَلَى آلِ إِبْرَاهِيمَ، إِنَّكَ حَمِيدٌ مَجِيدٌ، اللّٰهُمَّ بَارِكْ عَلَى مُحَمَّدٍ وَعَلَى آلِ مُحَمَّدٍ كَمَا بَارَكْتَ عَلَى إِبْرَاهِيمَ وَعَلَى آلِ إِبْرَاهِيمَ إِنَّكَ حَمِيدٌ مَجِيدٌ.","رواه البخاري (3370) ومسلم (908) عن كعب بن عُجرة.","",""
"أدعية استفتاح الصلاة","1","اللَّهُمَّ بَاعِدْ بَيْنِيْ وَبَيْنَ خَطَايَايَ كَمَا بَاعَدْتَ بَيْنَ الْمَشْرِقِ وَالْمَغْرِبِ، اللهم نَقِّنِيْ مِنْ خَطَايَايَ كَمَا يُنَقَّى الثَّوْبُ الْأبْيَضُ مِنَ الدَّنَسِ، اللهم اغْسِلْنِيْ مِنْ خَطَايَايَ، بِالثَّلْجِ وَالْمَاءِ والْبَرَدِ.","","",""
"أدعية استفتاح الصلاة","2","سُبْحَانَكَ اللهم وَبِحَمْدِكَ، وَتَبَارَكَ اسْمُكَ، وَتَعَالَى جَدُّكَ، وَلَا إِلَهَ غَيْرُكَ.","","",""
"أدعية استفتاح الصلاة","3","الْحَمْدُ للّهِ حَمْداً كَثِيراً طَيِّباً مُبَارَكاً فِيهِ.","","",""
"أدعية استفتاح الصلاة","4","اللهُ أكْبَرُ كَبِيْرًا، وَالْحَمْدُ لِلهِ كَثِيْرًا، وَسُبْحَانَ اللهِ بُكْرَةً وَّاصِيْلًا. أعُوْذُ بِاللهِ مِنَ الشَّيْطَانِ: مِنْ نَفْخِهِ، وَنَفْثِهِ، وَهَمْزِهِ.","","",""
"أدعية استفتاح الصلاة","5","اللَّهُمَّ رَبَّ جَبْرَائِيلَ، وَمِيْكَائِيلَ، وَإِسْرَافِيْلَ، فَاطِرَ السَّمَوَاتِ وَالْأرْضِ، عَالِمَ الغَيْبِ وَالشَّهَادَةِ أنْتَ تَحْكُمُ بَيْنَ عِبَادِكَ فِيْمَا كَانُوا فِيْهِ يَخْتَلِفُونَ، اِهْدِنِيْ لِمَا اخْتُلِفَ فِيْهِ مِنَ الْحَقِّ بِإِذْنِكَ إِنَّكَ تَهْدِيْ مَنْ تَشَاءُ إِلَى صِرَاطٍ مُّسْتَقِيْمٍ.","","",""
"أدعية استفتاح الصلاة","6","وَجْهِيَ لِلَّذِيْ فَطَرَ السَّمَوَاتِ وَالْأرْضَ حَنِيْفًا وَّمَا أنَا مِنَ الْمُشْرِكِيْنَ، إِنَّ صَلَاتِيْ، وَنُسُكِيْ، وَمَحْيَايَ، وَمَمَاتِيْ لِلهِ رَبِّ الْعَالَمِيْنَ، لَا شَرِيْكَ لَهُ وَبِذَلِكَ أُمِرْتُ وَانَا مِنَ الْمُسْلِمِيْنَ، اللهم أنْتَ الْمَلِكُ لَا إِلَهَ إِلَّا أنْتَ، أنْتَ رَبِّيْ وَأنَا عَبْدُكَ، ظَلَمْتُ نَفْسِيْ وَاعْتَرَفْتُ بِذَنْبِيْ فَاغْفِرْ لِيْ ذُنُوْبِيْ جَمِيْعًا إِنَّهُ لَا يَغْفِرُ الذُّنوبَ إِلَّا أنْتَ. وَاهْدِنِيْ لِأحْسَنِ الْأخْلَاقِ لَا يَهْدِيْ لِأحْسَنِهَا إِلَّا أنْتَ، وَاصْرِفْ عَنِّيْ سَيِّئَهَا، لَا يَصْرِفُ عَنِّيْ سَيِّئَهَا إِلَّا أنْتَ، لَبَّيْكَ وَسَعْدَيْكَ، وَالْخَيْرُ كُلُّهُ بِيَدَيْكَ، وَالشَّرُّ لَيْسَ إِلَيْكَ، أنَا بِكَ وَإِلَيْكَ، تَبارَكْتَ وَتَعَالَيْتَ، أسْتَغْفِرُكَ وَأتُوْبُ إِلَيْكَ.","","",""
"أدعية الركوع","1","سُبْحانَ رَبِّيَ الْعَظِيْمِ.","","","ثلاث مرات أو أكثر"
"أدعية الركوع","2","سُبْحَانَ رَبِّيَ العَظِيمِ وَبِحَمْدِهِ.","","","ثلاث مرات"
"أدعية الركوع","3","سُبحانَكَ اللّهمَّ ربَّنا وَبِحمدِكَ، اللّهمَّ اغفِرْ لي.","","",""
"أدعية الركوع","4","سُبُّوُحٌ ، قُدُّوسٌ، رَبُّ المَلَائِكَةِ وَالرُّوْحِ.","","",""
"أدعية الركوع","5","سُبْحَانَ ذِيْ الْجَبَرُوْتِ، وَالْمَلَكُوْتِ، وَالْكِبْرِيَاءِ، وَالْعَظَمَةِ.","","",""
"أدعية الركوع","6","اللَّهُمَّ لَكَ رَكَعْتُ، وَبِكَ آمَنْتُ، وَلَكَ أَسْلَمْتُ، خَشَعَ لَكَ سَمْعِي وَبَصَرِي، وَمُخِّي وَعَظْمِي وَعَصَبِي.","","",""
"أدعية الرفع من الركوع","1","سَمِعَ اللهُ لِمَنْ حَمِدَهُ.","","",""
"أدعية الرفع من الركوع","2","رَبَّنَا وَلَكَ الْحَمْدُ، حَمْدًا كَثِيْرًا طَيِّبًا مُبارَكًا فِيْهِ.","","",""
"أدعية الرفع من الركوع","3","اللَّهُمَّ لَكَ رَكَعْتُ، وَبِكَ آمَنْتُ، وَلَكَ اسْلَمْتُ، خَشَعَ لَكَ سَمْعِيْ، و بَصَـرِيْ، وَمُخِّيْ، وَعَظْمِيْ، وَعَصَبِيْ، وَمَا استَقَلَّتْ بِهِ قَدَمِيْ لِلهِ رَبِّ الْعَالَمِيْنَ.","","",""
"أدعية الرفع من الركوع","4","اللَّهُمَّ رَبَّنَا لَكَ الْحَمْدُ مِلْءَ السَّمَاوَاتِ وَمِلْءَ الْارْضِ، وَمَا بَيْنَهُمَا، وَمِلْءَ مَا شِئْتَ مِنْ شَيْءٍ بَعْدُ، أهْلَ الثَّنَاءِ وَالْمَجْدِ، أحَقُّ مَا قَالَ الْعَبْدُ، وَكُلُّنَا لَكَ عَبْدٌ، اللهم لَا مَانِعَ لِمَا أعْطَيْتَ، وَلَا مُعْطِيَ لِمَا مَنَعْتَ، وَلَا يَنْفَعُ ذَا الجَدِّ مِنْكَ الْجَدُّ.","","",""
"أدعية الرفع من الركوع","5","اللَّهُمَّ لَكَ الْحَمْدُ مِلْءَ السَّمَاءِ، وَمِلْءَ الْارْضِ، وَمِلْءَ مَا شِئْتَ مِنْ شَيْءٍ بَعْدُ، اللَّهُمَّ طَهِّرْنِي بِالثَّلْجِ وَالْبَرَدِ، وَالْمَاءِ الْبَارِدِ، اللَّهُمَّ طَهِّرْنِي مِنَ الذُّنُوبِ وَالْخَطَايَا، كَمَا يُنَقَّى الثَّوْبُ الْابْيَضُ مِنَ الْوَسَخِ.","","",""
"أدعية السجود","1","سُبْحَانَ رَبِّيَ الأَعْلَى.","","","ثلاث مرات أو أكثر"
"أدعية السجود","2","سُبْحَانَ رَبِّيَ الأعْلَى وَبِحَمْدِهِ.","","","ثلاث مرات"
"أدعية السجود","3","سُبُّوحٌ قُدُّوسٌ رَبُّ الْمَلاَئِكَةِ وَالرُّوحِ.","","",""
"أدعية السجود","4","سُبحانَكَ اللّهمَّ ربَّنا وَبِحمدِكَ، اللّهمَّ اغفِرْ لي.","","",""
"أدعية السجود","5","سُبْحَانَ ذِي الْجَبْرُوتِ وَالْمَلَكُوتِ وَالْكِبْرِيَاءِ وَالْعَظَمَةِ.","","",""
"أدعية السجود","6","اللَّهُمَّ اغْفِرْ لِي ذَنْبِي كُلَّهُ دِقَّهُ وَجِلَّهُ، وَأَوَّلَهُ وَآخِرَهُ، وَعَلاَنِيَتَهُ وَسِرَّهُ.","","",""
"أدعية السجود","7","اللَّهُمَّ لَكَ سَجَدْتُّ وَبِكَ آمَنْتُ، وَلَكَ أسْلَمْتُ، سَجَدَ وَجْهِي لِلَّذِيْ خَلَقَهُ، وَصَوَّرَهُ، وَشَقَّ سَمْعَهُ وَبَصَرَهُ، تَبَارَكَ اللهُ أحْسَنُ الْخَالِقيْنَ.","","",""
"أدعية السجود","8","اللَّهُمَّ إِنِّيْ أعُوْذُ بِرِضَاكَ مِنْ سَخَطِكَ، وَبِمُعَافَاتِكَ مِنْ عُقوْبَتِكَ، وَأعُوْذُ بِكَ مِنْكَ، لَا أُحْصِـي ثَنَاءً عَلَيْكَ، أنْتَ كَمَا أثْنَيْتَ عَلَى نَفْسِكَ.","","",""
"أدعية السجود","9","رَبِّ اعْطِ نَفْسِي تَقْوَاهَا زَكِّهَا أنْتَ خَيْرُ مَنْ زَكَّاهَا أنْتَ وَلِيُّهَا وَمَوْلَاهَا.","","",""
"أدعية السجود","10","اللَّهُمَّ اجْعَلْ فِي قَلْبِي نُورًا وَاجْعَلْ فِيْ سَمْعِيْ نُورًا وَاجْعَلْ فِيْ بَصَرِيْ نُورًا وَاجْعَلْ مِنْ تَحْتِي نُورًا وَاجْعَلْ مِنْ فَوْقِي نُورًا وَعَنْ يَمِينِي نُورًا وَعَنْ يَسَارِي نُورًا وَاجْعَلْ أمَامِي نُورًا وَاجْعَلْ خَلْفِي نُورًا وَأعْظِمْ لِيْ نُورًا.","","",""
"أدعية الجلوس بين السجدتين","1","رَبِّ اغْفِرْ لِيْ، رَبِّ اغْفِرْ لِيْ.","","",""
"أدعية الجلوس بين السجدتين","2","اللَّهُمَّ اغْفِرْ لِيْ، وَارْحَمْنِيْ، وَاهْدِنِيْ، وَاجْبُرْنِيْ، وَعَافِنِيْ، وَارْزُقْنِيْ، وَارْفَعْنِيْ.","","",""
"دعاء سجود التلاوة","1","سَجَدَ وَجْهِيَ للَّذِي خَلَقَهُ، وَشَقَّ سَمْعَهُ وبَصَرَهُ، بِحَوْلِهِ وَقُوَّتِهِ، فَتَبَارَكَ اللَّهُ أَحْسَنُ الْـخَالِقِينَ.","","",""
"دعاء سجود التلاوة","2","اللَّهُمَّ اكْتُبْ لِي بِهَا عِنْدَكَ أجْراً، وَضَعْ عَنِّي بِهَا وِزْرَاً، واْجعَلْهَا لِي عِنْدِكَ ذُخْراً، وتَقَبَّلَهَا مِنِّي كَمَا تَقَبَّلْتَهَا مِنْ عَبْدِكَ دَاوُدَ.","","",""
"التشهد الأول","1","التَّحِيَّاتُ لِلَّهِ وَالصَّلَوَاتُ وَالطَّيِّبَاتُ السَّلَامُ عَلَيْكَ أَيُّهَا النَّبِيُّ وَرَحْمَةُ اللَّهِ وَبَرَكَاتُهُ السَّلَامُ عَلَيْنَا وَعَلَى عِبَادِ اللَّهِ الصَّالِحِينَ ، أَشْهَدُ أَنْ لَا إِلَهَ إِلَّا اللَّهُ وَأَشْهَدُ أَنَّ مُحَمَّدًا عَبْدُهُ وَرَسُولُهُ.","","",""
"التشهد الأخير","1","التَّحِيَّاتُ لِلَّهِ وَالصَّلَوَاتُ وَالطَّيِّبَاتُ السَّلَامُ عَلَيْكَ أَيُّهَا النَّبِيُّ وَرَحْمَةُ اللَّهِ وَبَرَكَاتُهُ السَّلَامُ عَلَيْنَا وَعَلَى عِبَادِ اللَّهِ الصَّالِحِينَ ، أَشْهَدُ أَنْ لَا إِلَهَ إِلَّا اللَّهُ وَأَشْهَدُ أَنَّ مُحَمَّدًا عَبْدُهُ وَرَسُولُهُ. اللَّهُمَّ صَلِّ عَلَى مُحَمَّدٍ وَعَلَى آلِ مُحَمَّدٍ كَمَا صَلَّيْتَ عَلَى إِبْرَاهِيمَ وَعَلَى آلِ إِبْرَاهِيمَ إِنَّكَ حَمِيدٌ مَجِيدٌ ، اللَّهُمَّ بَارِكْ عَلَى مُحَمَّدٍ وَعَلَى آلِ مُحَمَّدٍ كَمَا بَارَكْتَ عَلَى إِبْرَاهِيمَ وَعَلَى آلِ إِبْرَاهِيمَ إِنَّكَ حَمِيدٌ مَجِيدٌ.","","",""
"أدعية بعد التشهد الأخير وقبل السلام","1","اللَّهُمَّ إِنِّيْ أعُوْذُ بِكَ مِنْ عَذَابِ الْقَبْرِ، وَمِنْ عَذَابِ جَهَنَّمَ، وَمِنْ فِتْنَةِ الْمَحْيَا وَالْمَمَاتِ، وَمِنْ شَرِّ فِتْنَةِ الْمَسِيْحِ الدَّجَّالِ.","","",""
"أدعية بعد التشهد الأخير وقبل السلام","2","اللَّهُمَّ إِنِّي أَعُوذُ بِكَ مِنْ عَذَابِ الْقَبْرِ. وَأَعُوذُ بِكَ مِنْ فِتْنَةِ الْمَسِيحِ الدَّجَّالِ. وَأَعُوذُ بِكَ مِنْ فِتْنَةِ الْمَحْيَا وَالْمَمَاتِ. اللَّهُمَّ إِنِّي أَعُوذُ بِكَ مِنَ الْمَأْثَمِ وَالْمَغْرَم ِ.","","",""
"أدعية بعد التشهد الأخير وقبل السلام","3","اللَّهُمَّ إِنِّي ظَلَمْتُ نَفْسِي ظُلْماً كَثِيراً ، وَلاَ يَغْفِرُ الذُّنُوبَ إِلاَّ أَنْتَ. فَاغْفِرْ لِي مَغْفِرَةً مِنْ عِنْدِكَ وَارْحَمْنِي، إِنَّكَ أَنْتَ الْغَفُورُ الرَّحِيمُ.","","",""
"أدعية بعد التشهد الأخير وقبل السلام","4","اللَّهُمَّ اغْفِرْ لِي مَا قَدَّمْتُ وَمَا أَخَّرْتُ. وَمَا أَسْرَرْتُ وَمَا أَعْلَنْتُ. وَمَا أَسْرَفْتُ. وَمَا أَنْتَ أَعْلَمُ بِهِ مِنِّي. أَنْتَ الْمُقَدِّمُ وَأَنْتَ الْمُؤَخِّرُ. لاَ إِلهَ إِلاَّ أَنْتَ.","","",""
"أدعية بعد التشهد الأخير وقبل السلام","5","رَبَّنَا آتِنَا فِي الدُّنْيَا حَسَنَةً وَفِي الآخِرَةِ حَسَنَةً وَقِنَا عَذَابَ النَّارِ.","","",""
"أدعية بعد التشهد الأخير وقبل السلام","6","اللَّهُمَّ إِنِّيْ أسْألُكَ الْجَنَّةَ وَأعُوْذُ بِكَ مِنَ النَّارِ.","","",""
"أدعية بعد التشهد الأخير وقبل السلام","7","اللَّهُمَّ إِنِّيْ أسْألُكَ يَا أللهُ بِأنَّكَ الْوَاحِدُ الْأحَدُ الصَّمَدُ الَّذِيْ لَمْ يَلِدْ وَلَمْ يُوْلَدْ، وَلَمْ يَكنْ لَهُ كُفُوًا أحَدٌ، أنْ تَغْفِرَ لِيْ ذُنُوْبِيْ إِنَّكَ أنْتَ الْغَفُوْرُ الرَّحِيْمُ.","","",""
"أدعية بعد التشهد الأخير وقبل السلام","8","اللَّهُمَّ حَاسِبْنِيْ حِسَابَاً يَسِيراً.","","",""
"أدعية بعد التشهد الأخير وقبل السلام","9","اللَّهُمَّ إِنِّيْ أسْألُكَ بِأنَّ لَكَ الْحَمْدُ لَا إِلَهَ إِلَّا أنْتَ وَحْدَكَ لَا شَرِيْكَ لَكَ، الْمَنَّانُ، يَا بَدِيعَ السَّمَوَاتِ وَالْارْضِ يَا ذَا الْجَلَالِ وَالْإِكْرَامِ، يَا حَيُّ يَا قَيُّومُ إِنِّيْ أسْألُكَ الْجَنَّةَ وَأعُوْذُ بِكَ مِنَ النَّارِ.","","",""
"أدعية بعد التشهد الأخير وقبل السلام","10","اللَّهُمَّ إِنِّيْ أسْألُكَ بِأنَّيْ أشْهَدُ أنَّكَ أنْتَ اللهُ لَا إِلَهَ إِلَّا أنْتَ الْأحَدُ الصَّمَدُ الَّذِيْ لَمْ يَلِدْ وَلَمْ يُوْلَدْ وَلَمْ يَكُنْ لَهُ كُفُوًا أحَدٌ.","","",""
"أدعية بعد التشهد الأخير وقبل السلام","11","اللَّهُمَّ بِعِلْمِكَ الغَيْبَ وَقُدْرَتِكَ عَلَى الْخَلْقِ أحْيِنِيْ مَا عَلِمْتَ الْحَيَاةَ خَيْرًا لِيْ، وَتَوَفَّنِيْ إِذَا عَلِمْتَ الْوَفَاةَ خَيْرًا لِيْ، اللهم إِنِّيْ أسْألُكَ خَشْيَتَكَ فِيْ الْغَيْبِ وَالشَّهَادَةِ، وَأسْألُكَ كَلِمَةَ الْحَقِّ فِي الرِّضَا وَالْغَضَبِ، وَأسْألُكَ الْقَصْدَ فِيْ الْغِنَى وَالْفَقْرِ، وَأسْألُكَ نَعِيْمًا لَا يَنْفَدُ، وَأسْألُكَ قُرَّةَ عَيْنٍ لَا تَنْقَطِعُ، وَأسْألُكَ الرِّضَا بَعْدَ الْقَضَاءِ، وَأسْألُكَ بَرْدَ الْعَيْشِ بَعْدَ الْمَوْتِ، وَأسْألُكَ لَذَّةَ النَّظَرِ إِلَى وَجْهِكَ، وَالشَّوْقَ إِلَى لِقائِكَ فِيْ غَيْرِ ضَرَّاءَ مُضِرَّةٍ، وَلَا فِتْنَةٍ مُضِلَّةٍ، اللهم زَيِّنَّا بِزِينَةِ الْإِيْمَانِ، وَاجْعَلْنَا هُدَاةً مُهْتَدِيْنَ.","","",""
"دعاء القنوت","1","اللَّهُمَّ اهْدِني فيمَنْ هدَيْت، وعَافِنِي فيمَنْ عافيتَ، وتَوَلَّني فيمن تَولَّيت، وبارِك لي فيمَا أعطيت، وقِني شرَّ ما قَضَيْت، فإنَّك تقضي ولا يُقْضَى عَليك، إنَّه لا يَذلُّ من واليت، تباركت ربنا وتعاليت.","","",""
"دعاء القنوت","2","اللَّهُمَّ إني أعُوذُ بِرضَاك من سَخَطِك وأعُوذُ بمُعافاتك مِنْ عُقوبَتِك، وأعُوذُ بِكَ مِنْكَ لا أُحْصِي ثناءً عليكَ، أنْتَ كما أثنيت على نفسك.","","",""
"دعاء القنوت","3","اللَّهُمَّ إيَّاك نعبُدُ، ولك نُصلِّي ونسجُدُ، وإليك نسعَى ونَحْفِد، نرجُو رحمتك، ونخشى عذابَكَ، إنَّ عذابَكَ بالكافرين مُلْحِقٌ، اللَّهُمَّ إنَّا نستعينُكَ، ونستغفرك، ونُثْنِي عليكَ الخيرَ، ولا نَكْفُرُك، ونُؤمِنُ بِكَ ونَخْضَعُ لَك، ونَخْلَعُ من يكفُرُك.","","",""
"دعاء القنوت","4","اللَّهُمَّ تَقَبَّلْ مِنَّا إِنَّكَ أَنتَ السَّمِيعُ الْعَلِيمُ وَتُبْ عَلَيْنَآ إِنَّكَ أَنتَ التَّوَّابُ الرَّحِيمُ. وَصَلَّى اللهُ عَلَى سَيِّدِنَا مُحَمَّدٍ وَعَلى آلِهِ وَصَحْبِهِ وَسَلمَ.","","",""
"دعاء خطبة الجمعة","1","ربناَّ لا تزغ قلوبنا بعد إذ هديتنا وهب لنا من لدنك رحمة انك أنت الوهاب وأصلح اللهم أحوالنا في الأمور كلها وبلغنا بما يرضيك أمالنا واختم اللهم بالصالحات أعمالنا وبالسعادة أجالنا وتوفنا يا رب وأنت راض عنا.","","",""
"دعاء خطبة الجمعة","2","اللَّهُمَّ اجعل جمعنا هذا جمعا مباركا مرحوما وتفرقنا من كل شر معصوما.","","",""
"دعاء خطبة الجمعة","3","ربنا لا تدع لنا ذنبا إلا غفرته ولا هما إلا فرجته ولا مريضا إلا شفيته ولا ميتا إلا رحمته ولا طالبا أمرا من أمور الخير إلا سهلته له ويسرته.","","",""
"دعاء خطبة الجمعة","4","اللَّهُمَّ وحد كلمة المسلمين واجمع شملهم واجعلهم يدا واحدة على من سواهم وانصر اللهم المسلمين واخذل الكفرة المشركين أعدائك أعداء الدين.","","",""
"دعاء خطبة الجمعة","5","اللَّهُمَّ إنا نسألك لولاة أمورنا الصلاح والسداد.","","",""
"دعاء خطبة الجمعة","6","اللَّهُمَّ كن لهم عونا وخذ بأيديهم إلى الحق والصواب والسداد والرشاد ووفقهم للعمل لما فيه رضاك وما فيه صالح العباد والبلاد.","","",""
"دعاء خطبة الجمعة","7","اللَّهُمَّ إنا نسألك لبلدنا هذا اللهم اجعله بلدا ءامنا وارزقه من كل الخيرات وجنبه الفتن ما ظهر منها وما بطن وألف اللهم ما بين قلوبنا وبين قلوب أبناء هذا الوطن واجعلهم اللهم يا ربنا باسمك متحابين وعلى نصرة دينك متعاونين.","","",""
"دعاء خطبة الجمعة","8","اللَّهُمَّ إنا نستعيذ بك من شر ما خلقت ومن كل عين حاسد و نسألك اللهم التوفيق والسداد والهداية والرشاد وحسن العقبى وحسن الميعاد.","","",""
"دعاء خطبة الجمعة","9","اللَّهُمَّ أسبغ علينا نعمتك وعلى جميع المسلمين واملء اللهم قلوبنا بالإيمان والقناعة والزم جوارحنا العبادة والطاعة واغفر اللهم لنا ولوالدينا ولإخواننا وأشياخنا ولجميع من سبقنا بالإيمان واتنا من لدنك رحمة وهيئ لنا من امرنا رشدا واتنا ربنا في الدنيا حسنة وفي الآخرة حسنة وقنا عذاب النار.","","",""
"دعاء خطبة الجمعة","10","سبحان ربك رب العزة عما يصفون وسلام على المرسلين والحمد لله رب العالمين.","","",""
"آيات قرآنية","1","وَإِذَا قُرِئَ الْقُرْآنُ فَاسْتَمِعُوا لَهُ وَأَنصِتُوا لَعَلَّكُمْ تُرْحَمُونَ","[الأعراف - 204]","",""
"آيات قرآنية","2","وَنُنَزِّلُ مِنْ الْقُرْآنِ مَا هُوَ شِفَاءٌ وَرَحْمَةٌ لِلْمُؤْمِنِينَ وَلا يَزِيدُ الظَّالِمِينَ إِلاَّ خَسَاراً","[الإسراء - 82]","",""
"آيات قرآنية","3","إِنَّ هَذَا الْقُرْآنَ يَهْدِي لِلَّتِي هِيَ أَقْوَمُ وَيُبَشِّرُ الْمُؤْمِنِينَ الَّذِينَ يَعْمَلُونَ الصَّالِحَاتِ أَنَّ لَهُمْ أَجْراً كَبِيراً","[الإسراء - 9]","",""
"آيات قرآنية","4","كِتَابٌ أَنزَلْنَاهُ إِلَيْكَ مُبَارَكٌ لِيَدَّبَّرُوا آيَاتِهِ وَلِيَتَذَكَّرَ أُوْلُوا الأَلْبَابِ","[ص - 29]","",""
"آيات قرآنية","5","وَرَتِّلْ الْقُرْآنَ تَرْتِيلاً","[المزمل - 4]","",""
"آيات قرآنية","6","وَلَوْ أَنَّ قُرْآناً سُيِّرَتْ بِهِ الْجِبَالُ أَوْ قُطِّعَتْ بِهِ الأَرْضُ أَوْ كُلِّمَ بِهِ الْمَوْتَى بَلْ لِلَّهِ الأَمْرُ جَمِيعاً أَفَلَمْ يَيْئَسْ الَّذِينَ آمَنُوا أَنْ لَوْ يَشَاءُ اللَّهُ لَهَدَى النَّاسَ جَمِيعاً وَلا يَزَالُ الَّذِينَ كَفَرُوا تُصِيبُهُمْ بِمَا صَنَعُوا قَارِعَةٌ أَوْ تَحُلُّ قَرِيباً مِنْ دَارِهِمْ حَتَّى يَأْتِيَ وَعْدُ اللَّهِ إِنَّ اللَّهَ لا يُخْلِفُ الْمِيعَادَ","[الرعد - 31]","",""
"آيات قرآنية","7","وَقَالَ الرَّسُولُ يَا رَبِّ إِنَّ قَوْمِي اتَّخَذُوا هَذَا الْقُرْآنَ مَهْجُوراً","[الفرقان - 30]","",""
"آيات قرآنية","8","أَفَلا يَتَدَبَّرُونَ الْقُرْآنَ وَلَوْ كَانَ مِنْ عِنْدِ غَيْرِ اللَّهِ لَوَجَدُوا فِيهِ اخْتِلافاً كَثِيراً","[النساء - 82]","",""
"آيات قرآنية","9","قُلْ أَيُّ شَيْءٍ أَكْبَرُ شَهَادَةً قُلْ اللَّهُ شَهِيدٌ بَيْنِي وَبَيْنَكُمْ وَأُوحِيَ إِلَيَّ هَذَا الْقُرْآنُ لأُنذِرَكُمْ بِهِ وَمَنْ بَلَغَ أَئِنَّكُمْ لَتَشْهَدُونَ أَنَّ مَعَ اللَّهِ آلِهَةً أُخْرَى قُلْ لا أَشْهَدُ قُلْ إِنَّمَا هُوَ إِلَهٌ وَاحِدٌ وَإِنَّنِي بَرِيءٌ مِمَّا تُشْرِكُونَ","[الأنعام - 19]","",""
"آيات قرآنية","10","وَمَا كَانَ هَذَا الْقُرْآنُ أَنْ يُفْتَرَى مِنْ دُونِ اللَّهِ وَلَكِنْ تَصْدِيقَ الَّذِي بَيْنَ يَدَيْهِ وَتَفْصِيلَ الْكِتَابِ لا رَيْبَ فِيهِ مِنْ رَبِّ الْعَالَمِينَ","[يونس - 37]","",""
"آيات قرآنية","11","وَلَقَدْ آتَيْنَاكَ سَبْعاً مِنْ الْمَثَانِي وَالْقُرْآنَ الْعَظِيمَ","[الحجر - 87]","",""
"آيات قرآنية","12","الَّذِينَ جَعَلُوا الْقُرْآنَ عِضِينَ","[الحجر - 91]","",""
"آيات قرآنية","13","فَإِذَا قَرَأْتَ الْقُرْآنَ فَاسْتَعِذْ بِاللَّهِ مِنْ الشَّيْطَانِ الرَّجِيمِ","[النحل - 98]","",""
"آيات قرآنية","14","وَلَقَدْ صَرَّفْنَا فِي هَذَا الْقُرْآنِ لِيَذَّكَّرُوا وَمَا يَزِيدُهُمْ إِلاَّ نُفُوراً","[الإسراء - 41]","",""
"آيات قرآنية","15","وَجَعَلْنَا عَلَى قُلُوبِهِمْ أَكِنَّةً أَنْ يَفْقَهُوهُ وَفِي آذَانِهِمْ وَقْراً وَإِذَا ذَكَرْتَ رَبَّكَ فِي الْقُرْآنِ وَحْدَهُ وَلَّوْا عَلَى أَدْبَارِهِمْ نُفُوراً","[الإسراء - 46]","",""
"آيات قرآنية","16","وَإِذَا قَرَأْتَ الْقُرْآنَ جَعَلْنَا بَيْنَكَ وَبَيْنَ الَّذِينَ لا يُؤْمِنُونَ بِالآخِرَةِ حِجَاباً مَسْتُوراً","[الإسراء - 45]","",""
"آيات قرآنية","17","قُلْ لَئِنْ اجْتَمَعَتْ الإِنسُ وَالْجِنُّ عَلَى أَنْ يَأْتُوا بِمِثْلِ هَذَا الْقُرْآنِ لا يَأْتُونَ بِمِثْلِهِ وَلَوْ كَانَ بَعْضُهُمْ لِبَعْضٍ ظَهِيراً","[الإسراء - 88]","",""
"آيات قرآنية","18","وَلَقَدْ صَرَّفْنَا فِي هَذَا الْقُرْآنِ لِلنَّاسِ مِنْ كُلِّ مَثَلٍ وَكَانَ الإِنسَانُ أَكْثَرَ شَيْءٍ جَدَلاً","[الكهف - 54]","",""
"آيات قرآنية","19","طه (1) مَا أَنْزَلْنَا عَلَيْكَ الْقُرْآنَ لِتَشْقَى (2) إِلاَّ تَذْكِرَةً لِمَنْ يَخْشَى (3) تَنزِيلاً مِمَّنْ خَلَقَ الأَرْضَ وَالسَّمَوَاتِ الْعُلا (4) الرَّحْمَنُ عَلَى الْعَرْشِ اسْتَوَى","[طه 1-5]","",""
"آيات قرآنية","20","إِنَّ هَذَا الْقُرْآنَ يَقُصُّ عَلَى بَنِي إِسْرَائِيلَ أَكْثَرَ الَّذِي هُمْ فِيهِ يَخْتَلِفُونَ (76) وَإِنَّهُ لَهُدًى وَرَحْمَةٌ لِلْمُؤْمِنِينَ (77)","[النمل 76-77]","",""
"آيات قرآنية","21","إِنَّمَا أُمِرْتُ أَنْ أَعْبُدَ رَبَّ هَذِهِ الْبَلْدَةِ الَّذِي حَرَّمَهَا وَلَهُ كُلُّ شَيْءٍ وَأُمِرْتُ أَنْ أَكُونَ مِنْ الْمُسْلِمِينَ (91) وَأَنْ أَتْلُوَ الْقُرْآنَ فَمَنْ اهْتَدَى فَإِنَّمَا يَهْتَدِي لِنَفْسِهِ وَمَنْ ضَلَّ فَقُلْ إِنَّمَا أَنَا مِنْ الْمُنذِرِينَ (92)","[النمل 91-92]","",""
"آيات قرآنية","22","وَلَقَدْ ضَرَبْنَا لِلنَّاسِ فِي هَذَا الْقُرْآنِ مِنْ كُلِّ مَثَلٍ وَلَئِنْ جِئْتَهُمْ بِآيَةٍ لَيَقُولَنَّ الَّذِينَ كَفَرُوا إِنْ أَنْتُمْ إِلاَّ مُبْطِلُونَ (58)","[الروم - 58]","",""
"آيات قرآنية","23","قُلْ أُوحِيَ إِلَيَّ أَنَّهُ اسْتَمَعَ نَفَرٌ مِنْ الْجِنِّ فَقَالُوا إِنَّا سَمِعْنَا قُرْآناً عَجَباً (1) يَهْدِي إِلَى الرُّشْدِ فَآمَنَّا بِهِ وَلَنْ نُشْرِكَ بِرَبِّنَا أَحَداً (2)","[الجن 1-2]","",""
"آيات قرآنية","24","وَقَالَ الَّذِينَ كَفَرُوا لا تَسْمَعُوا لِهَذَا الْقُرْآنِ وَالْغَوْا فِيهِ لَعَلَّكُمْ تَغْلِبُونَ","[فصلت - 26]","",""
"آيات قرآنية","25","شَهْرُ رَمَضَانَ الَّذِي أُنزِلَ فِيهِ الْقُرْآنُ هُدًى لِلنَّاسِ وَبَيِّنَاتٍ مِنْ الْهُدَى وَالْفُرْقَانِ فَمَنْ شَهِدَ مِنْكُمْ الشَّهْرَ فَلْيَصُمْهُ وَمَنْ كَانَ مَرِيضاً أَوْ عَلَى سَفَرٍ فَعِدَّةٌ مِنْ أَيَّامٍ أُخَرَ يُرِيدُ اللَّهُ بِكُمْ الْيُسْرَ وَلا يُرِيدُ بِكُمْ الْعُسْرَ وَلِتُكْمِلُوا الْعِدَّةَ وَلِتُكَبِّرُوا اللَّهَ عَلَى مَا هَدَاكُمْ وَلَعَلَّكُمْ تَشْكُرُونَ","[البقرة - 185]","",""
"آيات قرآنية","26","لَوْ أَنْزَلْنَا هَذَا الْقُرْآنَ عَلَى جَبَلٍ لَرَأَيْتَهُ خَاشِعاً مُتَصَدِّعاً مِنْ خَشْيَةِ اللَّهِ وَتِلْكَ الأَمْثَالُ نَضْرِبُهَا لِلنَّاسِ لَعَلَّهُمْ يَتَفَكَّرُونَ","[الحشر - 21]","",""
"آيات قرآنية","27","حم (1) وَالْكِتَابِ الْمُبِينِ (2) إِنَّا أَنزَلْنَاهُ فِي لَيْلَةٍ مُبَارَكَةٍ إِنَّا كُنَّا مُنذِرِينَ (3)","[الدخان 1-3]","",""
"آيات قرآنية","28","إِنَّا أَنزَلْنَاهُ فِي لَيْلَةِ الْقَدْرِ (1) وَمَا أَدْرَاكَ مَا لَيْلَةُ الْقَدْرِ (2) لَيْلَةُ الْقَدْرِ خَيْرٌ مِنْ أَلْفِ شَهْرٍ (3) تَنَزَّلُ الْمَلائِكَةُ وَالرُّوحُ فِيهَا بِإِذْنِ رَبِّهِمْ مِنْ كُلِّ أَمْرٍ (4) سَلامٌ هِيَ حَتَّى مَطْلَعِ الْفَجْرِ (5)","[القدر 1-5]","",""
"آيات قرآنية","29","وَقَالَ الَّذِينَ كَفَرُوا لَوْلا نُزِّلَ عَلَيْهِ الْقُرْآنُ جُمْلَةً وَاحِدَةً كَذَلِكَ لِنُثَبِّتَ بِهِ فُؤَادَكَ وَرَتَّلْنَاهُ تَرْتِيلاً","[الفرقان - 32]","",""
"آيات قرآنية","30","وَإِذْ صَرَفْنَا إِلَيْكَ نَفَراً مِنْ الْجِنِّ يَسْتَمِعُونَ الْقُرْآنَ فَلَمَّا حَضَرُوهُ قَالُوا أَنْصِتُوا فَلَمَّا قُضِيَ وَلَّوْا إِلَى قَوْمِهِمْ مُنْذِرِينَ (29) قَالُوا يَا قَوْمَنَا إِنَّا سَمِعْنَا كِتَاباً أُنْزِلَ مِنْ بَعْدِ مُوسَى مُصَدِّقاً لِمَا بَيْنَ يَدَيْهِ يَهْدِي إِلَى الْحَقِّ وَإِلَى طَرِيقٍ مُسْتَقِيمٍ (30)","[الأحقاف 29-30]","",""
"آيات قرآنية","31","وَلَقَدْ يَسَّرْنَا الْقُرْآنَ لِلذِّكْرِ فَهَلْ مِنْ مُدَّكِرٍ","[القمر - 17]","",""
"آيات قرآنية","32","وَهَذَا ذِكْرٌ مُبَارَكٌ أَنزَلْنَاهُ أَفَأَنْتُمْ لَهُ مُنكِرُونَ","[الأنبياء - 50]","",""
"آيات قرآنية","33","وَمَا عَلَّمْنَاهُ الشِّعْرَ وَمَا يَنْبَغِي لَهُ إِنْ هُوَ إِلاَّ ذِكْرٌ وَقُرْآنٌ مُبِينٌ (69) لِيُنْذِرَ مَنْ كَانَ حَيّاً وَيَحِقَّ الْقَوْلُ عَلَى الْكَافِرِينَ (70)","[يس 69-70]","",""
"آيات قرآنية","34","اللَّهُ نَزَّلَ أَحْسَنَ الْحَدِيثِ كِتَاباً مُتَشَابِهاً مَثَانِيَ تَقْشَعِرُّ مِنْهُ جُلُودُ الَّذِينَ يَخْشَوْنَ رَبَّهُمْ ثُمَّ تَلِينُ جُلُودُهُمْ وَقُلُوبُهُمْ إِلَى ذِكْرِ اللَّهِ ذَلِكَ هُدَى اللَّهِ يَهْدِي بِهِ مَنْ يَشَاءُ وَمَنْ يُضْلِلْ اللَّهُ فَمَا لَهُ مِنْ هَادٍ","[الزمر - 23]","",""
"آيات قرآنية","35","وَهَذَا كِتَابٌ أَنزَلْنَاهُ مُبَارَكٌ مُصَدِّقُ الَّذِي بَيْنَ يَدَيْهِ وَلِتُنذِرَ أُمَّ الْقُرَى وَمَنْ حَوْلَهَا وَالَّذِينَ يُؤْمِنُونَ بِالآخِرَةِ يُؤْمِنُونَ بِهِ وَهُمْ عَلَى صَلاتِهِمْ يُحَافِظُونَ","[الأنعام - 92]","",""
"آيات قرآنية","36","وَقَالَ الَّذِينَ كَفَرُوا لَنْ نُؤْمِنَ بِهَذَا الْقُرْآنِ وَلا بِالَّذِي بَيْنَ يَدَيْهِ وَلَوْ تَرَى إِذْ الظَّالِمُونَ مَوْقُوفُونَ عِنْدَ رَبِّهِمْ يَرْجِعُ بَعْضُهُمْ إِلَى بَعْضٍ الْقَوْلَ يَقُولُ الَّذِينَ اسْتُضْعِفُوا لِلَّذِينَ اسْتَكْبَرُوا لَوْلا أَنْتُمْ لَكُنَّا مُؤْمِنِينَ","[سبأ - 31]","",""
"آيات قرآنية","37","لَقَدْ أَنزَلْنَا إِلَيْكُمْ كِتَاباً فِيهِ ذِكْرُكُمْ أَفَلا تَعْقِلُونَ","[الأنبياء - 10]","",""
"آيات قرآنية","38","الر تِلْكَ آيَاتُ الْكِتَابِ الْمُبِينِ (1) إِنَّا أَنزَلْنَاهُ قُرْآناً عَرَبِيّاً لَعَلَّكُمْ تَعْقِلُونَ (2)","[يوسف 1-2]","",""
"آيات قرآنية","39","الر كِتَابٌ أُحْكِمَتْ آيَاتُهُ ثُمَّ فُصِّلَتْ مِنْ لَدُنْ حَكِيمٍ خَبِيرٍ","[هود - 1]","",""
"آيات قرآنية","40","الَّذِينَ آتَيْنَاهُمْ الْكِتَابَ يَتْلُونَهُ حَقَّ تِلاوَتِهِ أُوْلَئِكَ يُؤْمِنُونَ بِهِ وَمَنْ يَكْفُرْ بِهِ فَأُوْلَئِكَ هُمْ الْخَاسِرُونَ","[البقرة - 121]","",""
"أحاديث نبوية","41","إِنَّ اللَّهَ يَرْفَعُ بِهَذَا الْكِتَابِ أَقْوَامًا وَيَضَعُ بِهِ آخَرِينَ","","",""
"أحاديث نبوية","42","خَيْرُكُمْ مَنْ تَعَلَّمَ الْقُرْآنَ وَعَلَّمَهُ","","",""
"أحاديث نبوية","43","الْمُؤْمِنُ الَّذِي يَقْرَأُ الْقُرْآنَ وَيَعْمَلُ بِهِ كَالأُتْرُجَّةِ طَعْمُهَا طَيِّبٌ وَرِيحُهَا طَيِّبٌ وَالْمُؤْمِنُ الَّذِي لَا يَقْرَأُ الْقُرْآنَ وَيَعْمَلُ بِهِ كَالتَّمْرَةِ طَعْمُهَا طَيِّبٌ وَلا رِيحَ لَهَا وَمَثَلُ الْمُنَافِقِ الَّذِي يَقْرَأُ الْقُرْآنَ كَالرَّيْحَانَةِ رِيحُهَا طَيِّبٌ وَطَعْمُهَا مُرٌّ وَمَثَلُ الْمُنَافِقِ الَّذِي لا يَقْرَأُ الْقُرْآنَ كَالْحَنْظَلَةِ طَعْمُهَا مُرٌّ أَوْ خَبِيثٌ وَرِيحُهَا مُرٌّ","","",""
"أحاديث نبوية","44","مَثَلُ الَّذِي يَقْرَأُ الْقُرْآنَ وَهُوَ حَافِظٌ لَهُ مَعَ السَّفَرَةِ الْكِرَامِ الْبَرَرَةِ وَمَثَلُ الَّذِي يَقْرَأُ وَهُوَ يَتَعَاهَدُهُ وَهُوَ عَلَيْهِ شَدِيدٌ فَلَهُ أَجْرَانِ","","",""
"أحاديث نبوية","45","كِتَابُ اللَّهِ ، هُوَ حَبْلُ اللَّهِ الْمَمْدُودُ مِنَ السَّمَاءِ إِلَى الأَرْضِ","","",""
"أحاديث نبوية","46","مَنْ قَرَأَ حرفًا مِن كتابِ اللهِ، فلَهُ به حسنة، والحَسَنةُ بعشْرِ أمثالِها، لا أقول ألم حرف؛ ولكن ألف حرف، ولام حَرْف، ومِيم حَرْف","","",""
"أحاديث نبوية","47","لا أُلْفِيَنَّ أَحَدَكُمْ مُتَّكِئًا عَلَى أَرِيكَتِهِ يَأْتِيهِ الأَمْرُ مِنْ أَمْرِي مِمَّا أَمَرْتُ بِهِ أَوْ نَهَيْتُ عَنْهُ ، فَيَقُولُ : مَا أَدْرِي مَا وَجَدْنَا فِي كِتَابِ اللَّهِ اتَّبَعْنَاهُ","","",""
"أحاديث نبوية","48","لا حَسَدَ إِلا فِي اثْنَتَيْنِ رَجُلٌ آتَاهُ اللَّهُ مَالا فَسُلِّطَ عَلَى هَلَكَتِهِ فِي الْحَقِّ وَرَجُلٌ آتَاهُ اللَّهُ الْحِكْمَةَ فَهُوَ يَقْضِي بِهَا وَيُعَلِّمُهَا","","",""
"أحاديث نبوية","49","إِنَّ اللَّهَ يَأْمُرُكَ أَنْ تَقْرَأَ أُمَّتُكَ الْقُرْآنَ عَلَى سَبْعَةِ أَحْرُفٍ فَأَيُّمَا حَرْفٍ قَرَءُوا عَلَيْهِ فَقَدْ أَصَابُوا","","",""
"أحاديث نبوية","50","كَانَ النَّبِيُّ صَلَّى اللَّهُ عَلَيْهِ وَسَلَّمَ يَجْمَعُ بَيْنَ الرَّجُلَيْنِ مِنْ قَتْلَى أُحُدٍ فِي ثَوْبٍ وَاحِدٍ ثُمَّ يَقُولُ أَيُّهُمْ أَكْثَرُ أَخْذًا لِلْقُرْآنِ فَإِذَا أُشِيرَ لَهُ إِلَى أَحَدِهِمَا قَدَّمَهُ فِي اللَّحْدِ وَقَالَ أَنَا شَهِيدٌ عَلَى هَؤُلَاءِ يَوْمَ الْقِيَامَةِ وَأَمَرَ بِدَفْنِهِمْ فِي دِمَائِهِمْ وَلَمْ يُغَسَّلُوا وَلَمْ يُصَلَّ عَلَيْهِمْ","","",""
"أحاديث نبوية","51","تَـعَلَّمُوا القرآنَ ، و سَلوا الله بهِ الجنةَ ، قبلَ أنْ يـتَـعَلَّمَهُ قومٌ ، يَسْأَلونَ بهِ الدنيا ، فإنَّ القرآنَ يـتَـعَلَّمَهُ ثلاثَةٌ : رجلٌ يُباهِي بهِ ، و رجلٌ يَسْتَأْكِلُ بهِ ، و رجلٌ يقرأُهُ لِلَّهِ","","",""
"أحاديث نبوية","52","لَيْسَ مِنَّا مَنْ لَمْ يَتَغَنَّ بِالْقُرْآنِ","","",""
"أحاديث نبوية","53","إنَّ الذي لَيْسَ في جوفِه شيءٌ منَ القُرْآن؛ كالبيت الخَرِب","","",""
"أحاديث نبوية","54","إِنَّ لِلَّهِ أَهْلِينَ مِنْ النَّاسِ, قَالُوا يَا رَسُولَ اللَّهِ: مَنْ هُمْ ؟ قَالَ : هُمْ أَهْلُ الْقُرْآنِ ، أَهْلُ اللَّهِ وَخَاصَّتُهُ","","",""
"أحاديث نبوية","55","يُقَالُ لِصَاحِبِ الْقُرْآنِ اقْرَأْ , وَارْتَقِ , وَرَتِّلْ كَمَا كُنْتَ تُرَتِّلُ فِي الدُّنْيَا , فَإِنَّ مَنْزِلَتَكَ عِنْدَ آخِرِ آيَةٍ تَقْرَأُ بِهَا","","",""
"أحاديث نبوية","56","يَجِيءُ الْقُرْآنُ يَوْمَ الْقِيَامَةِ فَيَقُولُ : يَا رَبِّ حَلِّهِ ، فَيُلْبَسُ تَاجَ الْكَرَامَةِ ، ثُمَّ يَقُولُ : يَا رَبِّ زِدْهُ ، فَيُلْبَسُ حُلَّةَ الْكَرَامَةِ ، ثُمَّ يَقُولُ : يَا رَبِّ ارْضَ عَنْهُ ، فَيَرْضَى عَنْهُ ، فَيُقَالُ لَهُ : اقْرَأْ وَارْقَ وَتُزَادُ بِكُلِّ آيَةٍ حَسَنَةً","","",""
"أحاديث نبوية","57","إِنَّ أَدْنَى أَهْلِ الْجَنَّةِ مَنْزِلًا مَنْ يَتَمَنَّى عَلَى اللَّهِ فَيُقَالُ لَهُ لَكَ ذَاكَ وَمِثْلُهُ مَعَهُ إِلَّا أَنَّهُ يُلَقَّى سِوَى كَذَا وَكَذَا فَيُقَالُ لَهُ ذَاكَ لَكَ وَمِثْلُهُ مَعَهُ قَالَ أَبُو سَعِيدٍ الْخُدْرِيُّ قَالَ رَسُولُ اللَّهِ صَلَّى اللَّهُ عَلَيْهِ وَسَلَّمَ فَيُقَالُ لَهُ ذَاكَ وَعَشْرَةُ أَمْثَالِهِ","","",""
"فضل الذكر","1","لَا إِلَهَ إِلَّا اللَّهُ","","أَفْضَلُهَا قَوْلُ لَا إِلَهَ إِلَّا اللَّهُ",""
"أسماء الله الحسنى","1","اللَّهُ","","",""
"أسماء الله الحسنى","2","الرَّحْمَنُ","","",""
"أسماء الله الحسنى","3","الرَّحِيمُ","","",""
"أسماء الله الحسنى","4","المَلِكُ","","",""
"أسماء الله الحسنى","5","القُدُّوسُ","","",""
"أسماء الله الحسنى","6","السَّلَامُ","","",""
"أسماء الله الحسنى","7","المُؤْمِنُ","","",""
"أسماء الله الحسنى","8","المُهَيْمِنُ","","",""
"أسماء الله الحسنى","9","العَزِيزُ","","",""
"أسماء الله الحسنى","10","الجَبَّارُ","","",""
"أسماء الله الحسنى","11","المُتَكَبِّرُ","","",""
"أسماء الله الحسنى","12","الخَالِقُ","","",""
"أسماء الله الحسنى","13","البَارِىءُ","","",""
"أسماء الله الحسنى","14","المُصَوِّرُ","","",""
"أسماء الله الحسنى","15","الغَفَّارُ","","",""
"أسماء الله الحسنى","16","القَهَّارُ","","",""
"أسماء الله الحسنى","17","الوَهَّابُ","","",""
"أسماء الله الحسنى","18","الرَّزَّاقُ","","",""
"أسماء الله الحسنى","19","الفَتَّاحُ","","",""
"أسماء الله الحسنى","20","العَلِيمُ","","",""
"أسماء الله الحسنى","21","القَابِضُ","","",""
"أسماء الله الحسنى","22","البَاسِطُ","","",""
"أسماء الله الحسنى","23","الخَافِضُ","","",""
"أسماء الله الحسنى","24","الرَّافِعُ","","",""
"أسماء الله الحسنى","25","المُعِزُّ","","",""
"أسماء الله الحسنى","26","المُذِلُّ","","",""
"أسماء الله الحسنى","27","السَّمِيعُ","","",""
"أسماء الله الحسنى","28","البَصِيرُ","","",""
"أسماء الله الحسنى","29","الحَكَمُ","","",""
"أسماء الله الحسنى","30","العَدْلُ","","",""
"أسماء الله الحسنى","31","اللَّطِيفُ","","",""
"أسماء الله الحسنى","32","الخَبِيرُ","","",""
"أسماء الله الحسنى","33","الحَلِيمُ","","",""
"أسماء الله الحسنى","34","العَظِيمُ","","",""
"أسماء الله الحسنى","35","الغَفُورُ","","",""
"أسماء الله الحسنى","36","الشَّكُورُ","","",""
"أسماء الله الحسنى","37","العَلِيُّ","","",""
"أسماء الله الحسنى","38","الكَبِيرُ","","",""
"أسماء الله الحسنى","39","الحَفِيظُ","","",""
"أسماء الله الحسنى","40","المُقِيتُ","","",""
"أسماء الله الحسنى","41","الحَسِيبُ","","",""
"أسماء الله الحسنى","42","الجَلِيلُ","","",""
"أسماء الله الحسنى","43","الكَرِيمُ","","",""
"أسماء الله الحسنى","44","الرَّقِيبُ","","",""
"أسماء الله الحسنى","45","المُجِيبُ","","",""
"أسماء الله الحسنى","46","الوَاسِعُ","","",""
"أسماء الله الحسنى","47","الحَكِيمُ","","",""
"أسماء الله الحسنى","48","الوَدُودُ","","",""
"أسماء الله الحسنى","49","المَجِيدُ","","",""
"أسماء الله الحسنى","50","البَاعِثُ","","",""
"أسماء الله الحسنى","51","الشَّهِيدُ","","",""
"أسماء الله الحسنى","52","الحَقُّ","","",""
"أسماء الله الحسنى","53","الوَكِيلُ","","",""
"أسماء الله الحسنى","54","القَوِيُّ","","",""
"أسماء الله الحسنى","55","المَتِينُ","","",""
"أسماء الله الحسنى","56","الوَلِيُّ","","",""
"أسماء الله الحسنى","57","الحَمِيدُ","","",""
"أسماء الله الحسنى","58","المُحْصِي","","",""
"أسماء الله الحسنى","59","المُبْدِىءُ","","",""
"أسماء الله الحسنى","60","المُعِيدُ","","",""
"أسماء الله الحسنى","61","المُحْيِي","","",""
"أسماء الله الحسنى","62","المُمِيتُ","","",""
"أسماء الله الحسنى","63","الحَيُّ","","",""
"أسماء الله الحسنى","64","القَيُّومُ","","",""
"أسماء الله الحسنى","65","الوَاجِدُ","","",""
"أسماء الله الحسنى","66","المَاجِدُ","","",""
"أسماء الله الحسنى","67","الوَاحِدُ","","",""
"أسماء الله الحسنى","68","الصَّمَدُ","","",""
"أسماء الله الحسنى","69","القَادِرُ","","",""
"أسماء الله الحسنى","70","المُقْتَدِرُ","","",""
"أسماء الله الحسنى","71","المُقَدِّمُ","","",""
"أسماء الله الحسنى","72","المُؤَخِّرُ","","",""
"أسماء الله الحسنى","73","الأَوَّلُ","","",""
"أسماء الله الحسنى","74","الآخِرُ","","",""
"أسماء الله الحسنى","75","الظَّاهِرُ","","",""
"أسماء الله الحسنى","76","البَاطِنُ","","",""
"أسماء الله الحسنى","77","الوَالِي","","",""
"أسماء الله الحسنى","78","المُتَعَالِ","","",""
"أسماء الله الحسنى","79","البَرُّ","","",""
"أسماء الله الحسنى","80","التَّوَّابُ","","",""
"أسماء الله الحسنى","81","المُنْتَقِمُ","","",""
"أسماء الله الحسنى","82","العَفُوُّ","","",""
"أسماء الله الحسنى","83","الرَّءُوفُ","","",""
"أسماء الله الحسنى","84","مَالِكُ المُلْكِ","","",""
"أسماء الله الحسنى","85","ذُوالجَلَالِ وَالإِكْرَامِ","","",""
"أسماء الله الحسنى","86","المُقْسِطُ","","",""
"أسماء الله الحسنى","87","الجَامِعُ","","",""
"أسماء الله الحسنى","88","الغَنِيُّ","","",""
"أسماء الله الحسنى","89","المُغْنِيُّ","","",""
"أسماء الله الحسنى","90","المَانِعُ","","",""
"أسماء الله الحسنى","91","الضَّارُ","","",""
"أسماء الله الحسنى","92","النَّافِعُ","","",""
"أسماء الله الحسنى","93","النُّورُ","","",""
"أسماء الله الحسنى","94","الهَادِي","","",""
"أسماء الله الحسنى","95","البَدِيعُ","","",""
"أسماء الله الحسنى","96","البَاقِي","","",""
"أسماء الله الحسنى","97","الوَارِثُ","","",""
"أسماء الله الحسنى","98","الرَّشِيدُ","","",""
"أسماء الله الحسنى","99","الصَّبُورُ","","",""
"الرُّقية الشرعية من القرآن الكريم","1","بِسْمِ اللَّهِ الرَّحْمَنِ الرَّحِيمِ ﴿1﴾ الْحَمْدُ لِلَّهِ رَبِّ الْعَالَمِينَ ﴿2﴾ الرَّحْمَنِ الرَّحِيمِ ﴿3﴾ مَالِكِ يَوْمِ الدِّينِ ﴿4﴾ إِيَّاكَ نَعْبُدُ وَإِيَّاكَ نَسْتَعِينُ ﴿5﴾ اهْدِنَا الصِّرَاطَ الْمُسْتَقِيمَ ﴿6﴾ صِرَاطَ الَّذِينَ أَنْعَمْتَ عَلَيْهِمْ غَيْرِ الْمَغْضُوبِ عَلَيْهِمْ وَلَا الضَّالِّينَ ﴿7﴾.","[الفاتحة: 1-7]","",""
"الرُّقية الشرعية من القرآن الكريم","2","الم ﴿1﴾ ذَلِكَ الْكِتَابُ لَا رَيْبَ فِيهِ هُدًى لِلْمُتَّقِينَ ﴿2﴾ الَّذِينَ يُؤْمِنُونَ بِالْغَيْبِ وَيُقِيمُونَ الصَّلَاةَ وَمِمَّا رَزَقْنَاهُمْ يُنْفِقُونَ ﴿3﴾ وَالَّذِينَ يُؤْمِنُونَ بِمَا أُنْزِلَ إِلَيْكَ وَمَا أُنْزِلَ مِنْ قَبْلِكَ وَبِالْآَخِرَةِ هُمْ يُوقِنُونَ ﴿4﴾ أُولَئِكَ عَلَى هُدًى مِنْ رَبِّهِمْ وَأُولَئِكَ هُمُ الْمُفْلِحُونَ ﴿5﴾.","[البقرة: 1-5]","",""
"الرُّقية الشرعية من القرآن الكريم","3","اللّهُ لاَ إِلَـهَ إِلاَّ هُوَ الْحَيُّ الْقَيُّومُ لاَ تَأْخُذُهُ سِنَةٌ وَلاَ نَوْمٌ لَّهُ مَا فِي السَّمَاوَاتِ وَمَا فِي الأَرْضِ مَن ذَا الَّذِي يَشْفَعُ عِنْدَهُ إِلاَّ بِإِذْنِهِ يَعْلَمُ مَا بَيْنَ أَيْدِيهِمْ وَمَا خَلْفَهُمْ وَلاَ يُحِيطُونَ بِشَيْءٍ مِّنْ عِلْمِهِ إِلاَّ بِمَا شَاء وَسِعَ كُرْسِيُّهُ السَّمَاوَاتِ وَالأَرْضَ وَلاَ يَؤُودُهُ حِفْظُهُمَا وَهُوَ الْعَلِيُّ الْعَظِيمُ.","[آية الكرسى - البقرة 255]","",""
"الرُّقية الشرعية من القرآن الكريم","4","لِلَّهِ مَا فِي السَّمَاوَاتِ وَمَا فِي الْأَرْضِ وَإِنْ تُبْدُوا مَا فِي أَنْفُسِكُمْ أَوْ تُخْفُوهُ يُحَاسِبْكُمْ بِهِ اللَّهُ فَيَغْفِرُ لِمَنْ يَشَاءُ وَيُعَذِّبُ مَنْ يَشَاءُ وَاللَّهُ عَلَى كُلِّ شَيْءٍ قَدِيرٌ ﴿284﴾ آَمَنَ الرَّسُولُ بِمَا أُنْزِلَ إِلَيْهِ مِنْ رَبِّهِ وَالْمُؤْمِنُونَ كُلٌّ آَمَنَ بِاللَّهِ وَمَلَائِكَتِهِ وَكُتُبِهِ وَرُسُلِهِ لَا نُفَرِّقُ بَيْنَ أَحَدٍ مِنْ رُسُلِهِ وَقَالُوا سَمِعْنَا وَأَطَعْنَا غُفْرَانَكَ رَبَّنَا وَإِلَيْكَ الْمَصِيرُ ﴿285﴾ لَا يُكَلِّفُ اللَّهُ نَفْسًا إِلَّا وُسْعَهَا لَهَا مَا كَسَبَتْ وَعَلَيْهَا مَا اكْتَسَبَتْ رَبَّنَا لَا تُؤَاخِذْنَا إِنْ نَسِينَا أَوْ أَخْطَأْنَا رَبَّنَا وَلَا تَحْمِلْ عَلَيْنَا إِصْرًا كَمَا حَمَلْتَهُ عَلَى الَّذِينَ مِنْ قَبْلِنَا رَبَّنَا وَلَا تُحَمِّلْنَا مَا لَا طَاقَةَ لَنَا بِهِ وَاعْفُ عَنَّا وَاغْفِرْ لَنَا وَارْحَمْنَا أَنْتَ مَوْلَانَا فَانْصُرْنَا عَلَى الْقَوْمِ الْكَافِرِينَ ﴿286﴾.","[البقرة: 284-286]","",""
"الرُّقية الشرعية من القرآن الكريم","5","قُلْ يَا أَيُّهَا الْكَافِرُونَ ﴿1﴾ لَا أَعْبُدُ مَا تَعْبُدُونَ ﴿2﴾ وَلَا أَنْتُمْ عَابِدُونَ مَا أَعْبُدُ ﴿3﴾ وَلَا أَنَا عَابِدٌ مَا عَبَدْتُمْ ﴿4﴾ وَلَا أَنْتُمْ عَابِدُونَ مَا أَعْبُدُ ﴿5﴾ لَكُمْ دِينُكُمْ وَلِيَ دِينِ ﴿6﴾.","[الكافرون]","",""
"الرُّقية الشرعية من القرآن الكريم","6","قُلْ هُوَ اللَّهُ أَحَدٌ ﴿1﴾ اللَّهُ الصَّمَدُ ﴿2﴾ لَمْ يَلِدْ وَلَمْ يُولَدْ ﴿3﴾ وَلَمْ يَكُنْ لَهُ كُفُوًا أَحَدٌ ﴿4﴾.","[الإخلاص]","",""
"الرُّقية الشرعية من القرآن الكريم","7","قُلْ أَعُوذُ بِرَبِّ الْفَلَقِ ﴿1﴾ مِنْ شَرِّ مَا خَلَقَ ﴿2﴾ وَمِنْ شَرِّ غَاسِقٍ إِذَا وَقَبَ ﴿3﴾ وَمِنْ شَرِّ النَّفَّاثَاتِ فِي الْعُقَدِ ﴿4﴾ وَمِنْ شَرِّ حَاسِدٍ إِذَا حَسَدَ ﴿5﴾.","[الفلق]","",""
"الرُّقية الشرعية من القرآن الكريم","8","قُلْ أَعُوذُ بِرَبِّ النَّاسِ ﴿1﴾ مَلِكِ النَّاسِ ﴿2﴾ إِلَهِ النَّاسِ ﴿3﴾ مِنْ شَرِّ الْوَسْوَاسِ الْخَنَّاسِ ﴿4﴾ الَّذِي يُوَسْوِسُ فِي صُدُورِ النَّاسِ ﴿5﴾ مِنَ الْجِنَّةِ وَالنَّاسِ ﴿6﴾.","[الناس]","",""
"الرُّقية الشرعية من السنة النبوية","1","أَعُوذُ بِاللَّهِ الْعَظِيمِ، وَبِوَجْهِهِ الْكَرِيمِ، وَسُلْطَانِهِ الْقَدِيمِ، مِنَ الشَّيْطَانِ الرَّجِيمِ.","","",""
"الرُّقية الشرعية من السنة النبوية","2","أَعُوذُ بِاللهِ مِنَ الشَّيْطَانِ الرَّجِيمِ، مِنْ هَمْزِهِ وَنَفْخِهِ وَنَفْثِهِ.","","",""
"الرُّقية الشرعية من السنة النبوية","3","أعوذُ بكلماتِ اللهِ التامَّةِ ، مِن كُلِّ شيطانٍ وهامَّةٍ ، ومِن كُلِّ عَيْنٍ لامَّةٍ.","","",""
"الرُّقية الشرعية من السنة النبوية","4","أعوذُ بكلماتِ اللهِ التامَّاتِ مِن شرِّ ما خَلق.","","",""
"الرُّقية الشرعية من السنة النبوية","5","بِسْمِ اللَّهِ أَرْقِيكَ، مِنْ كُلِّ شَيْءٍ يُؤْذِيكَ، مِنْ شَرِّ كُلِّ نَفْسٍ أَوْ عَيْنِ حَاسِدٍ، اللَّهُ يَشْفِيكَ، بِسْمِ اللَّهِ أَرْقِيكَ.","","",""
"الرُّقية الشرعية من السنة النبوية","6","بِسْمِ اللَّهِ ، أَعُوذُ بِاللَّهِ وَقُدْرَتِهِ مِنْ شَرِّ مَا أَجِدُ وَأُحَاذِرُ.","","",""
"الرُّقية الشرعية من السنة النبوية","7","أَسْأَلُ اللَّهَ الْعَظِيمَ رَبَّ الْعَرْشِ الْعَظِيمِ، أَنْ يُعَافِيَكَ وَيَشْفِيَكَ.","","",""
"الرُّقية الشرعية من السنة النبوية","8","اللَّهُمَّ ربَّ النَّاسِ، أَذْهِب الْبَأسَ، واشْفِ، أَنْتَ الشَّافي لا شِفَاءَ إِلاَّ شِفَاؤُكَ، شِفاءً لا يُغَادِرُ سقَماً.","","",""
"الرُّقية الشرعية من السنة النبوية","9","اللَّهُمَّ اشْفِ عَبْدَكَ، وصَدِّقْ رَسُولَك.","","",""
"الرُّقية الشرعية من السنة النبوية","10","اللهُمَّ بَارِكْ عَلَيْهِ، وَأَذْهِبْ عَنْهُ حَرَّ الْعَيْنِ وَبَرْدَهَا وَوَصَبَهَا.","","",""
"الرُّقية الشرعية من السنة النبوية","11","اللَّهُمَّ إِنَّا نَسْأَلُكَ مِنْ خَيْرِ مَا سَأَلَكَ مِنْهُ نَبِيُّكَ مُحَمَّدٌ صلى الله عليه وسلم وَنَعُوذُ بِكَ مِنْ شَرِّ مَا اسْتَعَاذَ مِنْهُ نَبِيُّكَ مُحَمَّدٌ صلى الله عليه وسلم وَأَنْتَ الْمُسْتَعَانُ، وَعَلَيْكَ الْبَلَاغُ، وَلَا حَوْلَ وَلَا قُوَّةَ إِلَّا بِاللَّهِ.","","",""
"الرُّقية الشرعية من السنة النبوية","12","لَا إِلَهَ إِلَّا اللَّهُ الْعَظِيمُ الْحَلِيمُ، لَا إِلَهَ إِلَّا اللَّهُ رَبُّ الْعَرْشِ الْكَرِيمِ، لَا إِلَهَ إِلَّا اللَّهُ رَبُّ السَّمَاوَاتِ وَرَبُّ الْعَرْشِ الْعَظِيمِ.","","",""
"الرُّقية الشرعية من السنة النبوية","13","رَبّنَا الَّلهُ الذِي فِي السَّمَاءِ، تَقَدَّسَ اسمُكَ، أَمرُكَ فِي السَّمَاءِ وَالأَرْضِ، كَمَا رَحمَتُكَ فِي السَّمَاءِ فَاجْعَلْ رَحْمَتَكَ فِي الأَرْضِ، اغفِر لَنَا حَوْبَنَا وَخَطَايَانَا، أَنتَ رَبُّ الطَّيِّبِينَ، أَنزِلْ رَحْمَةً مِن رَحمَتِكَ، وَشِفَاءً مِن شِفَائِكَ عَلَى هَذَا الوَجَعِ، فَيَبرَأ.","","","3"
"الرُّقية الشرعية من السنة النبوية","14","أَعُوذُ بِوَجْهِ اللَّهِ الْكَرِيمِ، وَبِكَلِمَاتِ اللَّهِ التَّامَّاتِ، اللَّاتِي لَا يُجَاوِزُهُنَّ بَرٌّ وَلَا فَاجِرٌ، مِنْ شَرِّ مَا يَنْزِلُ مِنَ السَّمَاءِ وَشَرِّ مَا يُعْرُجُ فِيهَا، وَشَرِّ مَا ذَرَأَ فِي الْأَرْضِ وَشَرِّ مَا يَخْرُجُ مِنْهَا، وَمِنْ فِتَنِ اللَّيْلِ وَالنَّهَارِ، وَمِنْ طَوَارِقِ اللَّيْلِ وَالنَّهَارِ، إِلَّا طَارِقًا يَطْرُقُ بِخَيْرٍ يَا رَحْمَنُ .","","",""
"الرُّقية الشرعية من السنة النبوية","15","بِسـمِ اللهِ الذي لا يَضُـرُّ مَعَ اسمِـهِ شَيءٌ في الأرْضِ وَلا في السّمـاءِ وَهـوَ السّمـيعُ العَلـيم.","","","3"
"الرُّقية الشرعية من السنة النبوية","16","أَعُوذُ بِكَلِمَاتِ اللهِ التَّامَّةِ مِنْ غَضَبِهِ وَعِقَابِهِ ، وَشَرِّ عِبَادِهِ ، وَمَنْ هَمَزَاتِ الشَّيَاطِينِ ، وَأَنْ يَحْضُرُونِ.","","",""
"الرُّقية الشرعية من السنة النبوية","17","بِسْمِ اللَّهِ الْعَظِيمِ ، أَعُوذُ بِاللَّهِ الْكَبِيرِ مِنْ شَرِّ كُلِّ عِرْقٍ نَعَّارٍ ، وَمِنْ شَرِّ حَرِّ النَّارِ.","","",""
"الرُّقية الشرعية من السنة النبوية","18","بِسْمِ اللهِ تربَةُ أَرْضِنَا، بِرِيقةِ بَعْضِنَا، يُشْفَى سَقِيمُنَا، بإِذْنِ رَبِّنَا.","","",""
"الرُّقية الشرعية من السنة النبوية","19","اللَّهُمَّ إِنِّي أَسْأَلُكَ بِأَنَّ لَكَ الْحَمْدَ لَا إِلَهَ إِلَّا أَنْتَ، الْمَنَّانُ يَا بَدِيعَ السَّمَاوَاتِ وَالْأَرْضِ، يَا ذَا الْجَلَالِ وَالْإِكْرَامِ، يَا حَيُّ يَا قَيُّومُ.","","",""
"الرُّقية الشرعية من السنة النبوية","20","اللَّهُمَّ إِنِّي أَسْأَلُكَ بِأَنِّي أَشْهَدُ أَنَّكَ أَنْتَ اللَّه لاَ إِلَهَ إِلاَّ أَنْتَ، الأَحَدُ، الصَّمَدُ، الَّذِي لَمْ يَلِدْ، وَلَمْ يُولَدْ، وَلَمْ يَكُنْ لَهُ كُفُوًا أَحَدٌ.","","",""
"الرُّقية الشرعية من السنة النبوية","21","أَسْأَلُ اللَّهَ الْعَظِيمَ رَبَّ الْعَرْشِ الْعَظِيمِ، أَنْ يُعَافِيَكَ وَيَشْفِيَكَ.","","","7"
"الرُّقية الشرعية من السنة النبوية","22","اللَّهُمَّ بَرِّدْ قَلْبِي بِالثَّلْجِ وَالْبَرَدِ وَالْمَاءِ الْبَارِدِ ، اللَّهُمَّ نَقِّ قَلْبِي مِنَ الْخَطَايَا كَمَا نَقَّيْتَ الثَّوْبَ الْأَبْيَضَ مِنَ الدَّنَسِ.","","",""
"الرُّقية الشرعية من السنة النبوية","23","اللَّهُمَّ إِنِّي أَعُوذُ بِوَجْهِكَ الْكَرِيمِ وَكَلِمَاتِكَ التَّامَّةِ مِنْ شَرِّ مَا أَنْتَ آخِذٌ بِنَاصِيَتِهِ، اللَّهُمَّ أَنْتَ تَكْشِفُ الْمَغْرَمَ وَالْمَأْثَمَ، اللَّهُمَّ لَا يُهْزَمُ جُنْدُكَ، وَلَا يُخْلَفُ وَعْدُكَ، وَلَا يَنْفَعُ ذَا الْجَدِّ مِنْكَ الْجَدُّ، سُبْحَانَكَ وَبِحَمْدِكَ.","","",""
"الرُّقية الشرعية من السنة النبوية","24","بِاسْمِ اللَّهِ يُبْرِيكَ، وَمِنْ كُلِّ دَاءٍ يَشْفِيكَ، وَمِنْ شَرِّ حَاسِدٍ إِذَا حَسَدَ، وَشَرِّ كُلِّ ذِي عَيْنٍ.","","",""
"الرُّقية الشرعية من السنة النبوية","25","اللَّهُمَّ اشْفِ عَبْدَكَ يَنْكَأُ لَكَ عَدُوًّا ، أَوْ يَمْشِي لَكَ إِلَى صَلاةٍ.","","",""
"الرُّقية الشرعية من السنة النبوية","26","اللَّهُمَّ صَلِّ عَلَى مُحَمَّدٍ وَعَلَى آلِ مُحَمَّدٍ كَمَا صَلَّيْتَ عَلَى إِبْرَاهِيمَ وَعَلَى آلِ إِبْرَاهِيمَ إِنَّكَ حَمِيدٌ مَجِيدٌ، اللَّهُمَّ بَارِكْ عَلَى مُحَمَّدٍ وَعَلَى آلِ مُحَمَّدٍ كَمَا بَارَكْتَ عَلَى إِبْرَاهِيمَ وَعَلَى آلِ إِبْرَاهِيمَ فِي الْعَالَمِينَ إِنَّكَ حَمِيدٌ مَجِيدٌ.","","",""
"أدعية للمتوفى (ذكور)","1","اللَّهُمَّ أبدله داراً خيراً من داره، وأهلاً خيراً من أهله، وأدخله الجنّة، وأعذه من عذاب القبر ومن عذاب النّار.","","",""
"أدعية للمتوفى (ذكور)","2","اللَّهُمَّ عامله بما أنت أهله، ولا تعامله بما هو أهله.","","",""
"أدعية للمتوفى (ذكور)","3","اللَّهُمَّ اجزه عن الإحسان إحساناً وعن الإساءة عفواً وغفراناً.","","",""
"أدعية للمتوفى (ذكور)","4","اللَّهُمَّ إن كان محسناً فزد من حسناته، وإن كان مسيئاً فتجاوز عن سيّئاته.","","",""
"أدعية للمتوفى (ذكور)","5","اللَّهُمَّ أدخله الجنّة من غير مناقشة حساب ولا سابقة عذاب.","","",""
"أدعية للمتوفى (ذكور)","6","اللَّهُمَّ آنسه في وحدته وفي وحشته وفي غربته.","","",""
"أدعية للمتوفى (ذكور)","7","اللَّهُمَّ أنزله منزلاً مباركاً وأنت خير المنزلين.","","",""
"أدعية للمتوفى (ذكور)","8","اللَّهُمَّ أنزله منازل الصدّيقين والشّهداء والصّالحين، وحسن أولئك رفيقاً.","","",""
"أدعية للمتوفى (ذكور)","9","اللَّهُمَّ اجعل قبره روضةً من رياض الجنّة، ولا تجعله حفرةً من حفر النّار.","","",""
"أدعية للمتوفى (ذكور)","10","اللَّهُمَّ افسح له في قبره مدّ بصره، وافرش قبره من فراش الجنّة.","","",""
"أدعية للمتوفى (ذكور)","11","اللَّهُمَّ أعذه من عذاب القبر، وجفاف ِالأرض عن جنبيها.","","",""
"أدعية للمتوفى (ذكور)","12","اللَّهُمَّ املأ قبره بالرّضا والنّور والفسحة والسّرور.","","",""
"أدعية للمتوفى (ذكور)","13","اللَّهُمَّ إنّه في ذمّتك وحبل جوارك، فقِهِِ فتنة القبر، وعذاب النّار، وأنت أهل الوفاء والحقّ، فاغفر له وارحمه إنّك أنت الغفور الرّحيم.","","",""
"أدعية للمتوفى (ذكور)","14","اللَّهُمَّ إنّه عبدك وابن عبدك خرج من الدّنيا وسعتها ومحبوبها وأحبّائه فيها إلى ظلمة القبر وما هو لاقيه.","","",""
"أدعية للمتوفى (ذكور)","15","اللَّهُمَّ إنّه كان يشهد أنّك لا إله إلّا أنت وأنّ محمّداً عبدك ورسولك وأنت أعلم به.","","",""
"أدعية للمتوفى (ذكور)","16","اللَّهُمَّ إنّا نتوسّل بك إليك، ونقسم بك عليك أن ترحمه ولا تعذّبه، وأن تثبّته عند السؤال.","","",""
"أدعية للمتوفى (ذكور)","17","اللَّهُمَّ إنّه نَزَل بك وأنت خير منزولٍ به، وأصبح فقيراً إلى رحمتك وأنت غنيٌّ عن عذابه.","","",""
"أدعية للمتوفى (ذكور)","18","اللَّهُمَّ آته برحمتك ورضاك، وقهِ فتنة القبر وعذابه، وآته برحمتك الأمن من عذابك حتّى تبعثه إلى جنّتك يا أرحم الرّاحمين.","","",""
"أدعية للمتوفى (ذكور)","19","اللَّهُمَّ انقله من مواطن الدّود وضيق اللحود إلى جنّات الخلود.","","",""
"أدعية للمتوفى (ذكور)","20","اللَّهُمَّ احمه تحت الأرض، واستره يوم العرض، ولا تخزه يوم يبعثون \"يوم لا ينفع مالٌ ولا بنون إلّا من أتى الله بقلبٍ سليم\".","","",""
"أدعية للمتوفى (ذكور)","21","اللَّهُمَّ يمّن كتابه، ويسّر حسابه، وثقّل بالحسنات ميزانه، وثبّت على الصّراط أقدامه، وأسكنه في أعلى الجنّات بجوار حبيبك ومصطفاك (صلّى الله عليه وسلّم).","","",""
"أدعية للمتوفى (ذكور)","22","اللَّهُمَّ أمّنه من فزع يوم القيامة، ومن هول يوم القيامة، واجعل نفسه آمنة مطمئنّة، ولقّنه حجّته.","","",""
"أدعية للمتوفى (ذكور)","23","اللَّهُمَّ اجعله في بطن القبر مطمئنّاً وعند قيام الأشهاد آمن، وبجود رضوانك واثق، وإلى أعلى درجاتك سابق.","","",""
"أدعية للمتوفى (ذكور)","24","اللَّهُمَّ اجعل عن يمينه نوراً حتّى تبعثه آمناً مطمئنّاً في نورٍ من نورك.","","",""
"أدعية للمتوفى (ذكور)","25","اللَّهُمَّ انظر إليه نظرة رضا، فإنّ من تنظر إليه نظرة رضا لا تعذّبه أبداً.","","",""
"أدعية للمتوفى (ذكور)","26","اللَّهُمَّ أسكنه فسيح الجنان، واغفر له يا رحمن، وارحمه يا رحيم، وتجاوز عمّا تعلم يا عليم.","","",""
"أدعية للمتوفى (ذكور)","27","اللَّهُمَّ اعف عنه فإنّك القائل \"ويعفو عن كثير\".","","",""
"أدعية للمتوفى (ذكور)","28","اللَّهُمَّ إنّه جاء ببابك، وأناخ بجنابك، فَجد عليه بعفوك وإكرامك وجود إحسانك.","","",""
"أدعية للمتوفى (ذكور)","29","اللَّهُمَّ إنّ رحمتك وسعت كلّ شيء فارحمه رحمةً تطمئنّ بها نفسه، وتقرّ بها عينه.","","",""
"أدعية للمتوفى (ذكور)","30","اللَّهُمَّ احشره مع المتّقين إلى الرّحمن وفداً.","","",""
"أدعية للمتوفى (ذكور)","31","اللَّهُمَّ احشره مع أصحاب اليمين، واجعل تحيّته سلامٌ لك من أصحاب اليمين.","","",""
"أدعية للمتوفى (ذكور)","32","اللَّهُمَّ بشّره بقولك \"كلوا واشربوا هنيئاً بما أسلفتم في الأيّام الخالية\".","","",""
"أدعية للمتوفى (ذكور)","33","اللَّهُمَّ اجعله من الّذين سعدوا في الجنّة خالدين فيها ما دامت السموات والأرض.","","",""
"أدعية للمتوفى (ذكور)","34","اللَّهُمَّ لا نزكّيه عليك، ولكنّا نحسبه أنّه أمن وعمل صالحاً، فاجعل له جنّتين ذواتي أفنان بحقّ قولك: \"ولمن خاف مقام ربّه جنّتان\".","","",""
"أدعية للمتوفى (ذكور)","35","اللَّهُمَّ شفع فيه نبيّنا ومصطفاك، واحشره تحت لوائه، واسقه من يده الشّريفة شربةً هنيئةً لا يظمأ بعدها أبداً.","","",""
"أدعية للمتوفى (ذكور)","36","اللَّهُمَّ اجعله في جنّة الخلد \"الَّتِي وُعِدَ الْمُتَّقُونَ كَانَتْ لَهُمْ جَزَاء وَمَصِيرًا. لَهُمْ فِيهَا مَا يَشَاؤُونَ خَالِدِينَ كَانَ عَلَى رَبِّكَ وَعْدًا مَسْؤُولا\".","","",""
"أدعية للمتوفى (ذكور)","37","اللَّهُمَّ إنّه صبر على البلاء فلم يجزع، فامنحه درجة الصّابرين الّذين يوفون أجورهم بغير حساب فإنّك القائل \"إنّما يوفي الصّابرون أجرهم بغير حساب\".","","",""
"أدعية للمتوفى (ذكور)","38","اللَّهُمَّ إنّه كان مصلّ لك، فثبّته على الصّراط يوم تزل الأقدام.","","",""
"أدعية للمتوفى (ذكور)","39","اللَّهُمَّ إنّه كان صائماً لك، فأدخله الجنّة من باب الريّان.","","",""
"أدعية للمتوفى (ذكور)","40","اللَّهُمَّ إنّه كان لكتابك تالٍ وسامع، فشفّع فيه القرآن، وارحمه من النّيران، واجعله يا رحمن يرتقي في الجنّة إلى آخر آية قرأها أو سمعها، وآخر حرفٍ تلاه.","","",""
"أدعية للمتوفى (ذكور)","41","اللَّهُمَّ ارزقه بكلّ حرفٍ في القرآن حلاوة، وبكلّ كلمة كرامة، وبكلّ اّية سعادة، وبكلّ سورة سلامة، وبكل جْزءٍ جزاء.","","",""
"أدعية للمتوفى (ذكور)","42","اللَّهُمَّ ارحمه فإنّه كان مسلماً، واغفر له فإنّه كان مؤمناً، وأدخله الجنّة فإنّه كان بنبيّك مصدّقاً، وسامحه فإنّه كان لكتابك مرتّلاً.","","",""
"أدعية للمتوفى (ذكور)","43","اللَّهُمَّ اغفر لحيّنا وميّتنا، وشاهدنا وغائبنا، وصغيرنا وكبيرنا، وذَكرنَا وأنثانا.","","",""
"أدعية للمتوفى (ذكور)","44","اللَّهُمَّ من أحييته منّا فأحيه على الإسلام، ومن توفّيته منّا فتوفّه على الإيمان.","","",""
"أدعية للمتوفى (ذكور)","45","اللَّهُمَّ لا تحرمنا أجره ولا تضللنا بعده.","","",""
"أدعية للمتوفى (ذكور)","46","اللَّهُمَّ ارحمنا إذا أتانا اليقين، وعرق منّا الجبين، وكثر الأنين والحنين.","","",""
"أدعية للمتوفى (ذكور)","47","اللَّهُمَّ ارحمنا إذا يئس منّا الطبيب، وبكى علينا الحبيب، وتخلّى عنّا القريب والغريب، وارتفع النّشيج والنّحيب.","","",""
"أدعية للمتوفى (ذكور)","48","اللَّهُمَّ ارحمنا إذا اشتدّت الكربات، وتوالت الحسرات، وأطبقت الرّوعات، وفاضت العبرات، وتكشّفت العورات، وتعطّلت القوى والقدرات.","","",""
"أدعية للمتوفى (ذكور)","49","اللَّهُمَّ ارحمنا إذا حُمِلنا على الأعناقِ، وبلغتِ التراقِ، وقيل من راق وظنّ أنّه الفراق والتفَّتِ السَّاقُ بالسَّاقِ، إليك يا ربَّنا يومئذٍ المساق.","","",""
"أدعية للمتوفى (ذكور)","50","اللَّهُمَّ ارحمنا إذا ورينا التّراب، وغلقت القبور والأبواب، وانفضّ الأهل والأحباب، فإذا الوحشة والوحدة وهول الحساب.","","",""
"أدعية للمتوفى (ذكور)","51","اللَّهُمَّ ارحمنا إذا فارقنا النّعيم، وانقطع النّسيم، وقيل ما غرّك بربّك الكريم.","","",""
"أدعية للمتوفى (ذكور)","52","اللَّهُمَّ ارحمنا إذا أقمنا للسؤال، وخاننا المقال، ولم ينفع جاهٌ ولامال ولا عيال، وقد حال الحال، وليس إلّا فضل الكبير المتعال.","","",""
"أدعية للمتوفى (ذكور)","53","اللَّهُمَّ ارحمنا إذا نَسي اسمنا، ودَرس رسمنا، وأحاط بنا قسمنا ووسعنا.","","",""
"أدعية للمتوفى (ذكور)","54","اللَّهُمَّ ارحمنا إذا أهملنا فلم يزرنا زائر، ولم يذكرنا ذاكر، وما لنا من قوّة ولا ناصر، فلا أمل إلّا في القاهر القادر الغافر، يا من إذا وعد أوفى، وإذا توعّد عفا، وشفّع يا ربّ فينا حبيبنا المصطفى، واجعلنا ممّن صفا ووفا، وبالله اكتفى، يا أرحم الرّاحمين، يا حيّ يا قيّوم، يا بديع السموات والأرض، يا ذا الجلال والإكرام.","","",""
"أدعية للمتوفى (ذكور)","55","اللَّهُمَّ إنّه عبدك وابن عبدك وابن أمتك مات وهو يشهد لك بالوحدانيّة ولرسولك بالشّهادة فاغفر له إنّك أنت الغفّار.","","",""
"أدعية للمتوفى (ذكور)","56","اللَّهُمَّ لا تحرمنا أجره، ولا تفتنّا بعده، واغفر لنا وله، واجمعنا معه في جنّات النّعيم يا ربّ العالمين.","","",""
"أدعية للمتوفى (ذكور)","57","اللَّهُمَّ أنزل على أهله الصّبر والسلوان وارضهم بقضائك.","","",""
"أدعية للمتوفى (ذكور)","58","اللَّهُمَّ ثبّتنا على القول الثّابت في الحياة الدّنيا، وفي الآخرة، ويوم يقوم الأشهاد.","","",""
"أدعية للمتوفى (ذكور)","59","اللَّهُمَّ صلّ وسلّم وبارك على سيّدنا محمّد، وعلى اّله وصحبه وسلّم إلى يوم الدّين.","","",""
"أدعية للمتوفية (إناث)","60","اللَّهُمَّ أبدلها داراً خيراً من دارها، وأهلاً خيراً من أهلها، وأدخلها الجنّة، وأعذها من عذاب القبر ومن عذاب النّار.","","",""
"أدعية للمتوفية (إناث)","61","اللَّهُمَّ عاملها بما أنت أهله، ولا تعاملها بما هى أهله.","","",""
"أدعية للمتوفية (إناث)","62","اللَّهُمَّ اجزها عن الإحسان إحساناً وعن الإساءة عفواً وغفراناً.","","",""
"أدعية للمتوفية (إناث)","63","اللَّهُمَّ إن كانت محسنةً فزد من حسناتها، وإن كان مسيئةً فتجاوز عن سيّئاتها.","","",""
"أدعية للمتوفية (إناث)","64","اللَّهُمَّ أدخلها الجنّة من غير مناقشة حساب ولا سابقة عذاب.","","",""
"أدعية للمتوفية (إناث)","65","اللَّهُمَّ اّنسها في وحدتها وفي وحشتها وفي غربتها.","","",""
"أدعية للمتوفية (إناث)","66","اللَّهُمَّ أنزلها منزلاً مباركاً وأنت خير المنزلين.","","",""
"أدعية للمتوفية (إناث)","67","اللَّهُمَّ أنزلها منازل الصدّيقين والشّهداء والصّالحين، وحسن أولئك رفيقاً.","","",""
"أدعية للمتوفية (إناث)","68","اللَّهُمَّ اجعل قبرها روضةً من رياض الجنّة، ولا تجعله حفرةً من حفر النّار.","","",""
"أدعية للمتوفية (إناث)","69","اللَّهُمَّ افسح لها في قبرها مدّ بصرها، وافرش قبرها من فراش الجنّة.","","",""
"أدعية للمتوفية (إناث)","70","اللَّهُمَّ أعذها من عذاب القبر، وجفاف ِالأرض عن جنبيها.","","",""
"أدعية للمتوفية (إناث)","71","اللَّهُمَّ املأ قبرها بالرّضا والنّور والفسحة والسّرور.","","",""
"أدعية للمتوفية (إناث)","72","اللَّهُمَّ إنّها في ذمّتك وحبل جوارك، فقِهِا فتنة القبر، وعذاب النّار، وأنت أهل الوفاء والحقّ، فاغفر لهه وارحمها إنّك أنت الغفور الرّحيم.","","",""
"أدعية للمتوفية (إناث)","73","اللَّهُمَّ إنها أمتك وبنت أمتك خرجت من الدّنيا وسعتها ومحبوبيها وأحبائها فيها إلى ظلمة القبر وما هى لاقته.","","",""
"أدعية للمتوفية (إناث)","74","اللَّهُمَّ إنّها كانت تشهد أنّك لا إله إلّا أنت وأنّ محمّداً عبدك ورسولك وأنت أعلم به.","","",""
"أدعية للمتوفية (إناث)","75","اللَّهُمَّ إنّا نتوسّل بك إليك، ونقسم بك عليك أن ترحمها ولا تعذّبها، وأن تثبّتها عند السؤال.","","",""
"أدعية للمتوفية (إناث)","76","اللَّهُمَّ إنّها نَزَلت بك وأنت خير منزولٍ به، وأصبحت فقيرةً إلى رحمتك وأنت غنيٌّ عن عذابها.","","",""
"أدعية للمتوفية (إناث)","77","اللَّهُمَّ آتها برحمتك ورضاك، وقهِا فتنة القبر وعذابه، وآتها برحمتك الأمن من عذابك حتّى تبعثها إلى جنّتك يا أرحم الرّاحمين.","","",""
"أدعية للمتوفية (إناث)","78","اللَّهُمَّ انقلها من مواطن الدّود وضيق اللحود إلى جنّات الخلود.","","",""
"أدعية للمتوفية (إناث)","79","اللَّهُمَّ احمها تحت الأرض، واسترها يوم العرض، ولا تخزها يوم يبعثون “يوم لا ينفع مالٌ ولا بنون إلّا من أتى الله بقلبٍ سليم”.","","",""
"أدعية للمتوفية (إناث)","80","اللَّهُمَّ يمّن كتابها، ويسّر حسابها، وثقّل بالحسنات ميزانها، وثبّت على الصّراط أقدامها، وأسكنها في أعلى الجنّات بجوار حبيبك ومصطفاك (صلّى الله عليه وسلّم).","","",""
"أدعية للمتوفية (إناث)","81","اللَّهُمَّ أمّنها من فزع يوم القيامة، ومن هول يوم القيامة، واجعل نفسها آمنة مطمئنّة، ولقّنها حجّتها.","","",""
"أدعية للمتوفية (إناث)","82","اللَّهُمَّ اجعلها في بطن القبر مطمئنّةً وعند قيام الإشهاد آمنةً، وبجود رضوانك واثقةً، وإلى أعلى درجاتك سابقةً.","","",""
"أدعية للمتوفية (إناث)","83","اللَّهُمَّ اجعل عن يمينها نوراً حتّى تبعثها آمنةً مطمئنّةً في نورٍ من نورك.","","",""
"أدعية للمتوفية (إناث)","84","اللَّهُمَّ انظر إليها نظرة رضا، فإنّ من تنظر إليه نظرة رضا لا تعذّبه أبداً.","","",""
"أدعية للمتوفية (إناث)","85","اللَّهُمَّ أسكنها فسيح الجنان، واغفر لها يا رحمن، وارحمها يا رحيم، وتجاوز عمّا تعلم يا عليم.","","",""
"أدعية للمتوفية (إناث)","86","اللَّهُمَّ اعف عنها فإنّك القائل “ويعفو عن كثير”.","","",""
"أدعية للمتوفية (إناث)","87","اللَّهُمَّ إنّها جاءت ببابك، وأناخت بجنابك، فَجد عليها بعفوك وإكرامك وجود إحسانك.","","",""
"أدعية للمتوفية (إناث)","88","اللَّهُمَّ إنّ رحمتك وسعت كلّ شيء فارحمها رحمةً تطمئنّ بها نفسها، وتقرّ بها عينها.","","",""
"أدعية للمتوفية (إناث)","89","اللَّهُمَّ احشرها مع المتّقين إلى الرّحمن وفداً.","","",""
"أدعية للمتوفية (إناث)","90","اللَّهُمَّ احشرها مع أصحاب اليمين، واجعل تحيّتها سلامٌ لك من أصحاب اليمين.","","",""
"أدعية للمتوفية (إناث)","91","اللَّهُمَّ بشّرها بقولك “كلوا واشربوا هنيئاً بما أسلفتم في الأيّام الخالية”.","","",""
"أدعية للمتوفية (إناث)","92","اللَّهُمَّ اجعلها من الّذين سعدوا في الجنّة خالدين فيها ما دامت السموات والأرض.","","",""
"أدعية للمتوفية (إناث)","93","اللَّهُمَّ لا نزكّيها عليك، ولكنّا نحسبها أنّها أمنت وعملت صالحاً، فاجعل لها جنّتين ذواتي أفنان بحقّ قولك: “ولمن خاف مقام ربّه جنّتان”.","","",""
"أدعية للمتوفية (إناث)","94","اللَّهُمَّ شفع فيها نبيّنا ومصطفاك، واحشرها تحت لوائه، واسقها من يده الشّريفة شربةً هنيئةً لا تظمأ بعدها أبداً.","","",""
"أدعية للمتوفية (إناث)","95","اللَّهُمَّ اجعلها في جنّة الخلد \"الَّتِي وُعِدَ الْمُتَّقُونَ كَانَتْ لَهُمْ جَزَاء وَمَصِيرًا. لَهُمْ فِيهَا مَا يَشَاؤُونَ خَالِدِينَ كَانَ عَلَى رَبِّكَ وَوَعْدًا مَسْؤُولا\".","","",""
"أدعية للمتوفية (إناث)","96","اللَّهُمَّ إنّها صبرت على البلاء فلم تجزع، فامنحها درجة الصّابرين الّذين يوفون أجورهم بغير حساب فإنّك القائل \"إنّما يوفي الصّابرون أجرهم بغير حساب\".","","",""
"أدعية للمتوفية (إناث)","97","اللَّهُمَّ إنّها كانت تصلّى لك، فثبّتها على الصّراط يوم تزل الأقدام.","","",""
"أدعية للمتوفية (إناث)","98","اللَّهُمَّ إنّها كانت صائمةً لك، فأدخلها الجنّة من باب الريّان.","","",""
"أدعية للمتوفية (إناث)","99","اللَّهُمَّ إنّها كانت لكتابك تاليةً وسامعةً، فشفّع فيها القرآن، وارحمها من النّيران، واجعلها يا رحمن ترتقي في الجنّة إلى آخر آية قرأتها أو سمعتها، وآخر حرفٍ تلته.","","",""
"أدعية للمتوفية (إناث)","100","اللَّهُمَّ ارزقها بكلّ حرفٍ في القرآن حلاوة، وبكلّ كلمة كرامة، وبكلّ اّية سعادة، وبكلّ سورة سلامة، وبكل جْزءٍ جزاء.","","",""
"أدعية للمتوفية (إناث)","101","اللَّهُمَّ ارحمها فإنّها كان مسلمةً، واغفر لها فإنّها كان مؤمنةً، وأدخلها الجنّة فإنّها كانت بنبيّك مصدّقةً، وسامحها فإنّها كانت لكتابك مرتّلةً.","","",""
"أدعية للمتوفية (إناث)","102","اللَّهُمَّ اغفر لحيّنا وميّتنا، وشاهدنا وغائبنا، وصغيرنا وكبيرنا، وذَكرنَا وأنثانا.","","",""
"أدعية للمتوفية (إناث)","103","اللَّهُمَّ من أحييته منّا فأحيه على الإسلام، ومن توفّيته منّا فتوفّه على الإيمان.","","",""
"أدعية للمتوفية (إناث)","104","اللَّهُمَّ لا تحرمنا أجرها ولا تضللنا بعدها.","","",""
"أدعية للمتوفية (إناث)","105","اللَّهُمَّ ارحمنا إذا أتانا اليقين، وعرق منّا الجبين، وكثر الأنين والحنين.","","",""
"أدعية للمتوفية (إناث)","106","اللَّهُمَّ ارحمنا إذا يئس منّا الطبيب، وبكى علينا الحبيب، وتخلّى عنّا القريب والغريب، وارتفع النّشيج والنّحيب.","","",""
"أدعية للمتوفية (إناث)","107","اللَّهُمَّ ارحمنا إذا اشتدّت الكربات، وتوالت الحسرات، وأطبقت الرّوعات، وفاضت العبرات، وتكشّفت العورات، وتعطّلت القوى والقدرات.","","",""
"أدعية للمتوفية (إناث)","108","اللَّهُمَّ ارحمنا إذا حُمِلنا على الأعناقِ، وبلغتِ التراقِ، وقيل من راق وظنّ أنّه الفراق والتفَّتِ السَّاقُ بالسَّاقِ، إليك يا ربَّنا يومئذٍ المساق.","","",""
"أدعية للمتوفية (إناث)","109","اللَّهُمَّ ارحمنا إذا ورينا التّراب، وغلقت القبور والأبواب، وانفضّ الأهل والأحباب، فإذا الوحشة والوحدة وهول الحساب.","","",""
"أدعية للمتوفية (إناث)","110","اللَّهُمَّ ارحمنا إذا فارقنا النّعيم، وانقطع النّسيم، وقيل ما غرّك بربّك الكريم.","","",""
"أدعية للمتوفية (إناث)","111","اللَّهُمَّ ارحمنا إذا أقمنا للسؤال، وخاننا المقال، ولم ينفع جاهٌ ولامال ولا عيال، وقد حال الحال، وليس إلّا فضل الكبير المتعال.","","",""
"أدعية للمتوفية (إناث)","112","اللَّهُمَّ ارحمنا إذا نَسي اسمنا، ودَرس رسمنا، وأحاط بنا قسمنا ووسعنا.","","",""
"أدعية للمتوفية (إناث)","113","اللَّهُمَّ ارحمنا إذا أهملنا فلم يزرنا زائر، ولم يذكرنا ذاكر، وما لنا من قوّة ولا ناصر، فلا أمل إلّا في القاهر القادر الغافر، يا من إذا وعد أوفى، وإذا توعّد عفا، وشفّع يا ربّ فينا حبيبنا المصطفى، واجعلنا ممّن صفا ووفا، وبالله اكتفى، يا أرحم الرّاحمين، يا حيّ يا قيّوم، يا بديع السموات والأرض، يا ذا الجلال والإكرام.","","",""
"أدعية للمتوفية (إناث)","114","اللَّهُمَّ إنّها امتك بنت أمتك ماتت وهى تشهد لك بالوحدانيّة ولرسولك بالشّهادة فاغفر لها إنّك أنت الغفّار.","","",""
"أدعية للمتوفية (إناث)","115","اللَّهُمَّ لا تحرمنا أجرها، ولا تفتنّا بعدها، واغفر لنا ولها، واجمعنا معها في جنّات النّعيم يا ربّ العالمين.","","",""
"أدعية للمتوفية (إناث)","116","اللَّهُمَّ أنزل على أهلها الصّبر والسلوان وارضهم بقضائك.","","",""
"أدعية للمتوفية (إناث)","117","اللَّهُمَّ ثبّتنا على القول الثّابت في الحياة الدّنيا، وفي الآخرة، ويوم يقوم الأشهاد.","","",""
"أدعية للمتوفية (إناث)","118","اللَّهُمَّ صلّ وسلّم وبارك على سيّدنا محمّد، وعلى اّله وصحبه وسلّم إلى يوم الدّين.","","",""
"أدعية للميّت الطفل الصغير (ذكر أو أنثى)","119","اللَّهُمَّ اجْعَلْهُ فَرَطَاً وَذُخْراً لِوَالِدَيْهِ، وشَفِيعاً مُجَاباً، اللَّهُمَّ ثَقِّلْ بِهِ مَوَازِيْنَهُمَا، وأعْظِمْ بهِ أُجُورَهُمَا، وألْحِقْهُ بِصَالِحِ الـمُؤْمِنينَ، واجْعَلْهُ فِي كَفَالَةِ إِبْرَاهِيمَ، وَقِهِ بِرَحْمَتِكَ عَذَابَ الجَحِيمِ، وأبْدِلْهُ دَاراً خَيْراً مِنْ دَارِهِ، وَأَهْلاً خَيْراً مِنْ أَهْلِهِ، اللَّهُمَّ اغْفِرْ لأسْلاَفِنَا، وَأَفْرَاطِنَا، وَمَنْ سَبَقَنا بالإيْمَانِ.","","",""
"الدّعاء للميّت في صّلاة الجنازة","120","اللَّهُمَّ اغْفِرْ لَهُ وَارْحَمْهُ وَعَافِهِ وَاعْفُ عَنْهُ ، وَأَكْرِمْ نُزُلَهُ ، وَوَسِّعْ مُدْخَلَهُ ، وَاغْسِلْهُ بِالْمَاءِ وَالثَّلْجِ وَالْبَرَدِ ، وَنَقِّهِ مِنْ الْخَطَايَا كَمَا نَقَّيْتَ الثَّوْبَ الْأَبْيَضَ مِنْ الدَّنَسِ ، وَأَبْدِلْهُ دَارًا خَيْرًا مِنْ دَارِهِ ، وَأَهْلًا خَيْرًا مِنْ أَهْلِهِ ، وَزَوْجًا خَيْرًا مِنْ زَوْجِهِ ، وَأَدْخِلْهُ الْجَنَّةَ ، وَقِهِ فِتْنَةَ الْقَبْرِ وَعَذَابَ النَّارِ.","","",""
"دعاء الكرب","121","لَا إِلَهَ إِلَّا اللَّهُ الْحَلِيمُ الْكَرِيمُ سُبْحَانَ اللَّهِ رَبِّ الْعَرْشِ الْعَظِيمِ سُبْحَانَ اللَّهِ رَبِّ السَّمَوَاتِ السَّبْعِ وَرَبِّ الْعَرْشِ الْكَرِيمِ","حديث نبوي (رواه ابن عباس)","يقال عند الكرب",""
"أدعية الأنبياء","1","رَبَّنَا ظَلَمْنَا أَنفُسَنَا وَإِن لَّمْ تَغْفِرْ لَنَا وَتَرْحَمْنَا لَنَكُونَنَّ مِنَ الْخَاسِرِينَ","[الأعراف - 23]","",""
"أدعية الأنبياء","2","رَّبِّ اغْفِرْ لِي وَلِوَالِدَيَّ وَلِمَن دَخَلَ بَيْتِيَ مُؤْمِنًا وَلِلْمُؤْمِنِينَ وَالْمُؤْمِنَاتِ وَلَا تَزِدِ الظَّالِمِينَ إِلَّا تَبَارًا","[نوح - 28]","",""
"أدعية الأنبياء","3","رَبِّ إِنِّي أَعُوذُ بِكَ أَنْ أَسْأَلَكَ مَا لَيْسَ لِي بِهِ عِلْمٌ وَإِلاَّ تَغْفِرْ لِي وَتَرْحَمْنِي أَكُن مِّنَ الْخَاسِرِينَ","[هود - 47]","",""
"أدعية الأنبياء","4","رَّبِّ أَنزِلْنِي مُنزَلاً مُّبَارَكاً وَأَنتَ خَيْرُ الْمُنزِلِينَ","[المؤمنون - 29]","",""
"أدعية الأنبياء","5","رَبَّنَا تَقَبَّلْ مِنَّا إِنَّكَ أَنْتَ السَّمِيعُ الْعَلِيمُ (127) رَبَّنَا وَاجْعَلْنَا مُسْلِمَيْنِ لَكَ وَمِنْ ذُرِّيَّتِنَا أُمَّةً مُسْلِمَةً لَكَ وَأَرِنَا مَنَاسِكَنَا وَتُبْ عَلَيْنَا إِنَّكَ أَنْتَ التَّوَّابُ الرَّحِيمُ (128)","[البقرة - 127-128]","",""
"أدعية الأنبياء","6","رَبِّ اجْعَلْنِي مُقِيمَ الصَّلَاةِ وَمِن ذُرِّيَّتِي ۚ رَبَّنَا وَتَقَبَّلْ دُعَائِي (40) رَبَّنَا اغْفِرْ لِي وَلِوَالِدَيَّ وَلِلْمُؤْمِنِينَ يَوْمَ يَقُومُ الْحِسَابُ (41)","[إبراهيم - 40-41]","",""
"أدعية الأنبياء","7","رَبِّ هَبْ لِي حُكْمًا وَأَلْحِقْنِي بِالصَّالِحِينَ (83) وَاجْعَل لِّي لِسَانَ صِدْقٍ فِي الْآخِرِينَ (84) وَاجْعَلْنِي مِن وَرَثَةِ جَنَّةِ النَّعِيمِ (85)","[الشعراء - 83-85]","",""
"أدعية الأنبياء","8","رَّبَّنَا عَلَيْكَ تَوَكَّلْنَا وَإِلَيْكَ أَنَبْنَا وَإِلَيْكَ الْمَصِيرُ (4) رَبَّنَا لَا تَجْعَلْنَا فِتْنَةً لِّلَّذِينَ كَفَرُوا وَاغْفِرْ لَنَا رَبَّنَا ۖ إِنَّكَ أَنتَ الْعَزِيزُ الْحَكِيمُ (5)","[الممتحنة - 4-5]","",""
"أدعية الأنبياء","9","رَبِّ هَبْ لِي مِنَ الصَّالِحِينَ","[الصافات - 100]","",""
"أدعية الأنبياء","10","إِنِّي تَوَكَّلْتُ عَلَى اللَّهِ رَبِّي وَرَبِّكُم ۚ مَّا مِن دَابَّةٍ إِلَّا هُوَ آخِذٌ بِنَاصِيَتِهَا ۚ إِنَّ رَبِّي عَلَىٰ صِرَاطٍ مُّسْتَقِيمٍ","[هود - 56]","",""
"أدعية الأنبياء","11","رَبِّ انْصُرْنِي عَلَى الْقَوْمِ الْمُفْسِدِينَ","[العنكبوت - 30]","",""
"أدعية الأنبياء","12","رَبِّ نَجِّنِي وَأَهْلِي مِمَّا يَعْمَلُونَ","[الشعراء - 169]","",""
"أدعية الأنبياء","13","فَاطِرَ السَّمَاوَاتِ وَالْأَرْضِ أَنتَ وَلِيِّي فِي الدُّنْيَا وَالْآخِرَةِ ۖ تَوَفَّنِي مُسْلِمًا وَأَلْحِقْنِي بِالصَّالِحِينَ","[يوسف - 101]","",""
"أدعية الأنبياء","14","وَسِعَ رَبُّنَا كُلَّ شَيْءٍ عِلْماً عَلَى اللّهِ تَوَكَّلْنَا رَبَّنَا افْتَحْ بَيْنَنَا وَبَيْنَ قَوْمِنَا بِالْحَقِّ وَأَنتَ خَيْرُ الْفَاتِحِينَ","[الأعراف - 89]","",""
"أدعية الأنبياء","15","رَبِّ إِنِّي ظَلَمْتُ نَفْسِي فَاغْفِرْ لِي","[القصص - 16]","",""
"أدعية الأنبياء","16","رَبِّ بِمَا أَنْعَمْتَ عَلَيَّ فَلَنْ أَكُونَ ظَهِيراً لِّلْمُجْرِمِينَ","[القصص - 17]","",""
"أدعية الأنبياء","17","رَبِّ إِنِّي لِمَا أَنزَلْتَ إِلَيَّ مِنْ خَيْرٍ فَقِيرٌ","[القصص - 24]","",""
"أدعية الأنبياء","18","رَبِّ اشْرَحْ لِي صَدْرِي (25) وَيَسِّرْ لِي أَمْرِي (26) وَاحْلُلْ عُقْدَةً مِّن لِّسَانِي (27) يَفْقَهُوا قَوْلِي (28)","[طه - 25-28]","",""
"أدعية الأنبياء","19","أَنِّي مَسَّنِيَ الضُّرُّ وَأَنتَ أَرْحَمُ الرَّاحِمِينَ","[الأنبياء - 83]","",""
"أدعية الأنبياء","20","رَبِّ أَوْزِعْنِي أَنْ أَشْكُرَ نِعْمَتَكَ الَّتِي أَنْعَمْتَ عَلَيَّ وَعَلَى وَالِدَيَّ وَأَنْ أَعْمَلَ صَالِحًا تَرْضَاهُ وَأَدْخِلْنِي بِرَحْمَتِكَ فِي عِبَادِكَ الصَّالِحِينَ","[النمل - 19]","",""
"أدعية الأنبياء","21","لَّا إِلَهَ إِلَّا أَنتَ سُبْحَانَكَ إِنِّي كُنتُ مِنَ الظَّالِمِينَ","[الأنبياء - 87]","",""
"أدعية الأنبياء","22","رَبِّ هَبْ لِي مِن لَّدُنْكَ ذُرِّيَّةً طَيِّبَةً إِنَّكَ سَمِيعُ الدُّعَاء","[آل عمران - 38]","",""
"أدعية الأنبياء","23","رَبِّ لَا تَذَرْنِي فَرْداً وَأَنتَ خَيْرُ الْوَارِثِينَ","[الأنبياء - 89]","",""
"أدعية الأنبياء","24","إِنَّمَا أَشْكُو بَثِّي وَحُزْنِي إِلَى اللَّهِ","[يوسف - 86]","",""